candidate_id,architecture,original_rank,sequence,length_aa,canonical_20aa,length_8_50,member_of_own_library,max_official_reference_ratio,official_novelty_le_08,nearest_train_ratio,train_exact_match,charge_proxy_KR_DE,hydrophobicity_Kyte_Doolittle,ania_ecoli,ania_paeruginosa,ania_saureus,hemopi2_hc50_um,reward_broad,reward_gram_positive,reward_gram_negative,reward_mdr,reward_selectivity,reward_joint,selection_utility_joint_minus_diversity,max_similarity_previously_selected,linear_free_termini,official_overall_success_rate,official_gram_positive_success_rate,official_gram_negative_success_rate,official_mdr_success_rate,official_MIC50_uM,official_MIC90_uM,official_HC50_uM,official_safety_window,official_any_MIC_le16uM,synthesizability,independent_functional_oracle,functional_coverage,unique_across_top200,nearest_other_top200_ratio
VQ-001,vq,1,MKAKGIIKIKIGQRRIDGAYTRRYP,25,True,True,True,0.5531914893617021,True,0.5555555820465088,False,7,-0.7480000000000001,-1.1056,0.1133,0.4711,95.452,0.9739583333333334,0.9453125,0.98828125,0.9453125,0.7897135416666667,0.928515625,0.928515625,0.0,DESIGN_SPEC_ONLY_NOT_SYNTHESIS_VERIFIED,NOT_MEASURED,NOT_MEASURED,NOT_MEASURED,NOT_MEASURED,NOT_MEASURED,NOT_MEASURED,NOT_MEASURED,NOT_MEASURED,NOT_MEASURED,NOT_ASSESSED,UNAVAILABLE,3 species proxies; 0/20 matched strains; 0/8 MDR-specific oracles,True,0.45614035087719296
VQ-002,vq,2,AAKVGAENVARQNLLVRQLGILRTLE,26,True,True,True,0.5263157894736843,True,0.5957446694374084,False,2,0.13076923076923078,0.5215,0.6036,0.3887,142.838,0.9296875,0.953125,0.91796875,0.90625,0.873046875,0.916015625,0.8748391544117647,0.27450980392156865,DESIGN_SPEC_ONLY_NOT_SYNTHESIS_VERIFIED,NOT_MEASURED,NOT_MEASURED,NOT_MEASURED,NOT_MEASURED,NOT_MEASURED,NOT_MEASURED,NOT_MEASURED,NOT_MEASURED,NOT_MEASURED,NOT_ASSESSED,UNAVAILABLE,3 species proxies; 0/20 matched strains; 0/8 MDR-specific oracles,True,0.5098039215686274
VQ-003,vq,3,ITKKYLKKIFQFKENFEILKLNMGKNKH,28,True,True,True,0.5581395348837209,True,0.6181818246841431,False,6,-0.8071428571428572,-0.9328,0.3244,0.1961,49.99,0.9869791666666666,1.0,0.98046875,0.9609375,0.6536458333333333,0.91640625,0.8711232311320755,0.30188679245283023,DESIGN_SPEC_ONLY_NOT_SYNTHESIS_VERIFIED,NOT_MEASURED,NOT_MEASURED,NOT_MEASURED,NOT_MEASURED,NOT_MEASURED,NOT_MEASURED,NOT_MEASURED,NOT_MEASURED,NOT_MEASURED,NOT_ASSESSED,UNAVAILABLE,3 species proxies; 0/20 matched strains; 0/8 MDR-specific oracles,True,0.5172413793103448
VQ-004,vq,4,RFYTWHCRYNYKCSYNWYDS,20,True,True,True,0.55,True,0.550000011920929,False,2,-1.4700000000000002,0.5162,0.616,0.4355,104.421,0.9322916666666666,0.9453125,0.92578125,0.921875,0.7805989583333333,0.901171875,0.8678385416666666,0.2222222222222222,DESIGN_SPEC_ONLY_NOT_SYNTHESIS_VERIFIED,NOT_MEASURED,NOT_MEASURED,NOT_MEASURED,NOT_MEASURED,NOT_MEASURED,NOT_MEASURED,NOT_MEASURED,NOT_MEASURED,NOT_MEASURED,NOT_ASSESSED,UNAVAILABLE,3 species proxies; 0/20 matched strains; 0/8 MDR-specific oracles,True,0.4137931034482759
VQ-005,vq,5,IHARKSFAASSLHVKKIVTHFNKLFPYKSKGK,32,True,True,True,0.5,True,0.5384615063667297,False,8,-0.4156250000000001,0.4131,0.5331,0.2547,65.594,0.9544270833333334,0.98828125,0.9375,0.9375,0.6998697916666667,0.903515625,0.843515625,0.4,DESIGN_SPEC_ONLY_NOT_SYNTHESIS_VERIFIED,NOT_MEASURED,NOT_MEASURED,NOT_MEASURED,NOT_MEASURED,NOT_MEASURED,NOT_MEASURED,NOT_MEASURED,NOT_MEASURED,NOT_MEASURED,NOT_ASSESSED,UNAVAILABLE,3 species proxies; 0/20 matched strains; 0/8 MDR-specific oracles,True,0.4444444444444444
VQ-006,vq,6,RIYYDKDNGMINVYFYGIKKVY,22,True,True,True,0.5,True,0.5882352590560913,False,2,-0.49545454545454537,0.1948,0.7108,0.3575,83.48,0.9401041666666666,0.9609375,0.9296875,0.91015625,0.7395833333333333,0.89609375,0.84209375,0.36,DESIGN_SPEC_ONLY_NOT_SYNTHESIS_VERIFIED,NOT_MEASURED,NOT_MEASURED,NOT_MEASURED,NOT_MEASURED,NOT_MEASURED,NOT_MEASURED,NOT_MEASURED,NOT_MEASURED,NOT_MEASURED,NOT_ASSESSED,UNAVAILABLE,3 species proxies; 0/20 matched strains; 0/8 MDR-specific oracles,True,0.4528301886792453
VQ-007,vq,7,MRIVKPRTAAHRHTRRFRNRHLSVIDYENQYC,32,True,True,True,0.49056603773584906,True,0.5614035129547119,False,6,-1.153125,-0.127,0.6328,0.5145,78.593,0.9427083333333334,0.921875,0.953125,0.921875,0.7291666666666667,0.89375,0.8418269230769231,0.34615384615384615,DESIGN_SPEC_ONLY_NOT_SYNTHESIS_VERIFIED,NOT_MEASURED,NOT_MEASURED,NOT_MEASURED,NOT_MEASURED,NOT_MEASURED,NOT_MEASURED,NOT_MEASURED,NOT_MEASURED,NOT_MEASURED,NOT_ASSESSED,UNAVAILABLE,3 species proxies; 0/20 matched strains; 0/8 MDR-specific oracles,True,0.44067796610169496
VQ-008,vq,8,SMSRLSRWNFWKITRFLIHLYLKFTINKD,29,True,True,True,0.5098039215686274,True,0.5862069129943848,False,5,-0.23448275862068968,0.132,0.4947,0.3148,47.208,0.9609375,0.97265625,0.955078125,0.94921875,0.63671875,0.894921875,0.8408235143442623,0.360655737704918,DESIGN_SPEC_ONLY_NOT_SYNTHESIS_VERIFIED,NOT_MEASURED,NOT_MEASURED,NOT_MEASURED,NOT_MEASURED,NOT_MEASURED,NOT_MEASURED,NOT_MEASURED,NOT_MEASURED,NOT_MEASURED,NOT_ASSESSED,UNAVAILABLE,3 species proxies; 0/20 matched strains; 0/8 MDR-specific oracles,True,0.5084745762711864
VQ-009,vq,9,KVRYWRWYR,9,True,True,True,0.7777777777777778,True,0.7777777910232544,False,4,-1.9555555555555557,0.1995,0.1727,0.7144,278.264,0.9205729166666666,0.8359375,0.962890625,0.8359375,0.9563802083333333,0.90234375,0.8402747844827586,0.4137931034482759,DESIGN_SPEC_ONLY_NOT_SYNTHESIS_VERIFIED,NOT_MEASURED,NOT_MEASURED,NOT_MEASURED,NOT_MEASURED,NOT_MEASURED,NOT_MEASURED,NOT_MEASURED,NOT_MEASURED,NOT_MEASURED,NOT_ASSESSED,UNAVAILABLE,3 species proxies; 0/20 matched strains; 0/8 MDR-specific oracles,True,0.5833333333333333
VQ-010,vq,10,PRWYPCKVFFCRYYVRGNYI,20,True,True,True,0.5333333333333333,True,0.52173912525177,False,4,-0.3550000000000001,0.5162,0.2279,0.5009,70.52,0.9401041666666666,0.93359375,0.943359375,0.921875,0.7102864583333333,0.88984375,0.8277747844827587,0.4137931034482759,DESIGN_SPEC_ONLY_NOT_SYNTHESIS_VERIFIED,NOT_MEASURED,NOT_MEASURED,NOT_MEASURED,NOT_MEASURED,NOT_MEASURED,NOT_MEASURED,NOT_MEASURED,NOT_MEASURED,NOT_MEASURED,NOT_ASSESSED,UNAVAILABLE,3 species proxies; 0/20 matched strains; 0/8 MDR-specific oracles,True,0.44999999999999996
VQ-011,vq,11,MHCFALVRCPLKLWPSNYAGFMWFLRLLYGKRYF,34,True,True,True,0.4897959183673469,True,0.5230769515037537,False,5,0.3558823529411764,0.0398,0.0971,0.1371,15.996,0.9817708333333334,1.0,0.97265625,0.96484375,0.5143229166666667,0.88671875,0.8248139880952381,0.4126984126984127,DESIGN_SPEC_ONLY_NOT_SYNTHESIS_VERIFIED,NOT_MEASURED,NOT_MEASURED,NOT_MEASURED,NOT_MEASURED,NOT_MEASURED,NOT_MEASURED,NOT_MEASURED,NOT_MEASURED,NOT_MEASURED,NOT_ASSESSED,UNAVAILABLE,3 species proxies; 0/20 matched strains; 0/8 MDR-specific oracles,True,0.43999999999999995
VQ-012,vq,12,PLLYIYQLRLRLKVSTNKNKLAASSKSKKS,30,True,True,True,0.52,True,0.5483871102333069,False,8,-0.5566666666666668,0.5489,0.6864,0.2037,70.409,0.93359375,1.0,0.900390625,0.890625,0.70703125,0.886328125,0.8234248991935484,0.4193548387096774,DESIGN_SPEC_ONLY_NOT_SYNTHESIS_VERIFIED,NOT_MEASURED,NOT_MEASURED,NOT_MEASURED,NOT_MEASURED,NOT_MEASURED,NOT_MEASURED,NOT_MEASURED,NOT_MEASURED,NOT_MEASURED,NOT_ASSESSED,UNAVAILABLE,3 species proxies; 0/20 matched strains; 0/8 MDR-specific oracles,True,0.509090909090909
VQ-013,vq,13,MARHMIIGMAFRGVRRWSRGNWG,23,True,True,True,0.5454545454545454,True,0.5714285373687744,False,5,-0.3521739130434782,0.5162,0.7581,0.5056,93.034,0.9114583333333334,0.9296875,0.90234375,0.8828125,0.7526041666666667,0.87578125,0.8195312499999999,0.375,DESIGN_SPEC_ONLY_NOT_SYNTHESIS_VERIFIED,NOT_MEASURED,NOT_MEASURED,NOT_MEASURED,NOT_MEASURED,NOT_MEASURED,NOT_MEASURED,NOT_MEASURED,NOT_MEASURED,NOT_MEASURED,NOT_ASSESSED,UNAVAILABLE,3 species proxies; 0/20 matched strains; 0/8 MDR-specific oracles,True,0.4528301886792453
VQ-014,vq,14,FGAVLSIGLVSFIIFVYLLKVKLKQLI,27,True,True,True,0.5714285714285714,True,0.6071428656578064,False,3,1.8111111111111111,-0.5639,0.5419,0.2712,20.138,0.9713541666666666,0.98828125,0.962890625,0.9375,0.5169270833333333,0.875390625,0.816374231557377,0.39344262295081966,DESIGN_SPEC_ONLY_NOT_SYNTHESIS_VERIFIED,NOT_MEASURED,NOT_MEASURED,NOT_MEASURED,NOT_MEASURED,NOT_MEASURED,NOT_MEASURED,NOT_MEASURED,NOT_MEASURED,NOT_MEASURED,NOT_ASSESSED,UNAVAILABLE,3 species proxies; 0/20 matched strains; 0/8 MDR-specific oracles,True,0.47058823529411764
VQ-015,vq,15,IDWLLSLLQFDRILYAKVLFRGYIKSNGYYY,31,True,True,True,0.4814814814814815,True,0.5517241358757019,False,2,0.23548387096774198,0.5254,0.6927,0.2323,42.331,0.9375,1.0,0.90625,0.90234375,0.595703125,0.868359375,0.8112165178571429,0.38095238095238093,DESIGN_SPEC_ONLY_NOT_SYNTHESIS_VERIFIED,NOT_MEASURED,NOT_MEASURED,NOT_MEASURED,NOT_MEASURED,NOT_MEASURED,NOT_MEASURED,NOT_MEASURED,NOT_MEASURED,NOT_MEASURED,NOT_ASSESSED,UNAVAILABLE,3 species proxies; 0/20 matched strains; 0/8 MDR-specific oracles,True,0.4528301886792453
VQ-016,vq,16,MRIFCLLIRKNFRIIRGESWKVFKR,25,True,True,True,0.5454545454545454,True,0.5714285373687744,False,7,-0.02800000000000006,-0.156,0.4552,0.3999,27.408,0.9609375,0.94921875,0.966796875,0.94921875,0.53515625,0.872265625,0.8111545138888889,0.40740740740740744,DESIGN_SPEC_ONLY_NOT_SYNTHESIS_VERIFIED,NOT_MEASURED,NOT_MEASURED,NOT_MEASURED,NOT_MEASURED,NOT_MEASURED,NOT_MEASURED,NOT_MEASURED,NOT_MEASURED,NOT_MEASURED,NOT_ASSESSED,UNAVAILABLE,3 species proxies; 0/20 matched strains; 0/8 MDR-specific oracles,True,0.48
VQ-017,vq,17,MIKNDAARNNLKKDNETTYAIRLVKEVKIS,30,True,True,True,0.5238095238095238,True,0.5573770403862,False,3,-0.7733333333333333,0.5186,0.7211,0.5802,99.84,0.9010416666666666,0.890625,0.90625,0.890625,0.7571614583333333,0.869140625,0.8110761088709677,0.3870967741935484,DESIGN_SPEC_ONLY_NOT_SYNTHESIS_VERIFIED,NOT_MEASURED,NOT_MEASURED,NOT_MEASURED,NOT_MEASURED,NOT_MEASURED,NOT_MEASURED,NOT_MEASURED,NOT_MEASURED,NOT_MEASURED,NOT_ASSESSED,UNAVAILABLE,3 species proxies; 0/20 matched strains; 0/8 MDR-specific oracles,True,0.44067796610169496
VQ-018,vq,18,LREWYGFQKYKIRYFR,16,True,True,True,0.5806451612903225,True,0.6399999856948853,False,4,-1.225,0.5227,0.7872,0.3848,101.903,0.9088541666666666,0.953125,0.88671875,0.8671875,0.7688802083333333,0.876953125,0.810953125,0.43999999999999995,DESIGN_SPEC_ONLY_NOT_SYNTHESIS_VERIFIED,NOT_MEASURED,NOT_MEASURED,NOT_MEASURED,NOT_MEASURED,NOT_MEASURED,NOT_MEASURED,NOT_MEASURED,NOT_MEASURED,NOT_MEASURED,NOT_ASSESSED,UNAVAILABLE,3 species proxies; 0/20 matched strains; 0/8 MDR-specific oracles,True,0.4516129032258065
VQ-019,vq,19,LKWWTTGVVESAGGGNAAVRSMKVERQPYNAN,32,True,True,True,0.49122807017543857,True,0.5396825671195984,False,2,-0.54375,0.5215,0.4201,0.6481,76.789,0.91015625,0.8671875,0.931640625,0.8671875,0.708984375,0.85703125,0.8096628289473684,0.3157894736842105,DESIGN_SPEC_ONLY_NOT_SYNTHESIS_VERIFIED,NOT_MEASURED,NOT_MEASURED,NOT_MEASURED,NOT_MEASURED,NOT_MEASURED,NOT_MEASURED,NOT_MEASURED,NOT_MEASURED,NOT_MEASURED,NOT_ASSESSED,UNAVAILABLE,3 species proxies; 0/20 matched strains; 0/8 MDR-specific oracles,True,0.40740740740740744
VQ-020,vq,20,MPKGDCSYLCMISSVRLTDCQVCAIIRYLFLYYSVL,36,True,True,True,0.4727272727272728,True,0.5454545617103577,False,1,0.8055555555555556,0.0491,0.7104,0.2948,30.06,0.953125,0.984375,0.9375,0.91015625,0.544921875,0.866015625,0.8088727678571428,0.38095238095238093,DESIGN_SPEC_ONLY_NOT_SYNTHESIS_VERIFIED,NOT_MEASURED,NOT_MEASURED,NOT_MEASURED,NOT_MEASURED,NOT_MEASURED,NOT_MEASURED,NOT_MEASURED,NOT_MEASURED,NOT_MEASURED,NOT_ASSESSED,UNAVAILABLE,3 species proxies; 0/20 matched strains; 0/8 MDR-specific oracles,True,0.4117647058823529
VQ-021,vq,21,AARIIRYRFLTTATSVKEPKKAAVQRPGR,29,True,True,True,0.52,True,0.5901639461517334,False,7,-0.5517241379310345,0.2467,0.842,0.3942,90.223,0.9088541666666666,0.953125,0.88671875,0.828125,0.7454427083333333,0.864453125,0.8085209216101695,0.3728813559322034,DESIGN_SPEC_ONLY_NOT_SYNTHESIS_VERIFIED,NOT_MEASURED,NOT_MEASURED,NOT_MEASURED,NOT_MEASURED,NOT_MEASURED,NOT_MEASURED,NOT_MEASURED,NOT_MEASURED,NOT_MEASURED,NOT_ASSESSED,UNAVAILABLE,3 species proxies; 0/20 matched strains; 0/8 MDR-specific oracles,True,0.43333333333333335
VQ-022,vq,22,MGMKHSKFRNKNQCKMNAFSIWSNSFFQFD,30,True,True,True,0.52,True,0.5333333015441895,False,4,-0.7933333333333332,0.2737,0.7393,0.4548,55.705,0.9244791666666666,0.9453125,0.9140625,0.88671875,0.6360677083333333,0.861328125,0.805078125,0.375,DESIGN_SPEC_ONLY_NOT_SYNTHESIS_VERIFIED,NOT_MEASURED,NOT_MEASURED,NOT_MEASURED,NOT_MEASURED,NOT_MEASURED,NOT_MEASURED,NOT_MEASURED,NOT_MEASURED,NOT_MEASURED,NOT_ASSESSED,UNAVAILABLE,3 species proxies; 0/20 matched strains; 0/8 MDR-specific oracles,True,0.4193548387096774
VQ-023,vq,23,MERYITIIYMRNIIWARVKGQDVYECMDIYRY,32,True,True,True,0.49056603773584906,True,0.5185185074806213,False,1,-0.1875,-0.5053,0.6972,0.4179,37.555,0.94921875,0.94921875,0.94921875,0.91015625,0.578125,0.8671875,0.8040296052631579,0.42105263157894735,DESIGN_SPEC_ONLY_NOT_SYNTHESIS_VERIFIED,NOT_MEASURED,NOT_MEASURED,NOT_MEASURED,NOT_MEASURED,NOT_MEASURED,NOT_MEASURED,NOT_MEASURED,NOT_MEASURED,NOT_MEASURED,NOT_ASSESSED,UNAVAILABLE,3 species proxies; 0/20 matched strains; 0/8 MDR-specific oracles,True,0.47457627118644063
VQ-024,vq,24,AEPKTVAIWYDAVSLDRVMAGRGIYAVKVRIE,32,True,True,True,0.4897959183673469,True,0.5714285373687744,False,1,0.203125,0.6854,0.1225,0.4242,71.824,0.9231770833333334,0.94921875,0.91015625,0.84375,0.7037760416666667,0.866015625,0.8039466594827586,0.4137931034482759,DESIGN_SPEC_ONLY_NOT_SYNTHESIS_VERIFIED,NOT_MEASURED,NOT_MEASURED,NOT_MEASURED,NOT_MEASURED,NOT_MEASURED,NOT_MEASURED,NOT_MEASURED,NOT_MEASURED,NOT_MEASURED,NOT_ASSESSED,UNAVAILABLE,3 species proxies; 0/20 matched strains; 0/8 MDR-specific oracles,True,0.4375
VQ-025,vq,25,MRIVFMMSYFFYGYSISISVKCCFHIIPIEN,31,True,True,True,0.46153846153846156,True,0.5245901346206665,False,1,0.9548387096774194,0.0213,0.6972,0.2695,12.401,0.9557291666666666,0.98828125,0.939453125,0.91015625,0.4915364583333333,0.85703125,0.8034598214285714,0.3571428571428571,DESIGN_SPEC_ONLY_NOT_SYNTHESIS_VERIFIED,NOT_MEASURED,NOT_MEASURED,NOT_MEASURED,NOT_MEASURED,NOT_MEASURED,NOT_MEASURED,NOT_MEASURED,NOT_MEASURED,NOT_MEASURED,NOT_ASSESSED,UNAVAILABLE,3 species proxies; 0/20 matched strains; 0/8 MDR-specific oracles,True,0.4126984126984127
VQ-026,vq,26,MVAYKNSLKNIFNFIIFKQLVRIYFII,27,True,True,True,0.5217391304347826,True,0.5862069129943848,False,4,0.8999999999999999,-0.2295,0.5831,0.3038,17.594,0.96484375,0.98046875,0.95703125,0.9296875,0.505859375,0.867578125,0.8032924107142857,0.4285714285714286,DESIGN_SPEC_ONLY_NOT_SYNTHESIS_VERIFIED,NOT_MEASURED,NOT_MEASURED,NOT_MEASURED,NOT_MEASURED,NOT_MEASURED,NOT_MEASURED,NOT_MEASURED,NOT_MEASURED,NOT_MEASURED,NOT_ASSESSED,UNAVAILABLE,3 species proxies; 0/20 matched strains; 0/8 MDR-specific oracles,True,0.49122807017543857
VQ-027,vq,27,IVRWYALLKGPKGITVRSVYLVEVKTGLQ,29,True,True,True,0.5106382978723405,True,0.5600000023841858,False,4,0.3724137931034483,0.0269,0.1873,0.6257,62.221,0.9388020833333334,0.875,0.970703125,0.875,0.6764322916666667,0.8671875,0.8029017857142857,0.4285714285714286,DESIGN_SPEC_ONLY_NOT_SYNTHESIS_VERIFIED,NOT_MEASURED,NOT_MEASURED,NOT_MEASURED,NOT_MEASURED,NOT_MEASURED,NOT_MEASURED,NOT_MEASURED,NOT_MEASURED,NOT_MEASURED,NOT_ASSESSED,UNAVAILABLE,3 species proxies; 0/20 matched strains; 0/8 MDR-specific oracles,True,0.48
VQ-028,vq,28,MARFVRIVLYRQEYWHC,17,True,True,True,0.5454545454545454,True,0.6000000238418579,False,2,-0.08823529411764716,0.5304,0.3407,0.5818,68.012,0.9166666666666666,0.890625,0.9296875,0.890625,0.6907552083333333,0.863671875,0.8024473852040817,0.40816326530612246,DESIGN_SPEC_ONLY_NOT_SYNTHESIS_VERIFIED,NOT_MEASURED,NOT_MEASURED,NOT_MEASURED,NOT_MEASURED,NOT_MEASURED,NOT_MEASURED,NOT_MEASURED,NOT_MEASURED,NOT_MEASURED,NOT_ASSESSED,UNAVAILABLE,3 species proxies; 0/20 matched strains; 0/8 MDR-specific oracles,True,0.4651162790697675
VQ-029,vq,29,VHLRRPFTRKYLSRRIYIHYLCNLKPSKKIW,31,True,True,True,0.5098039215686274,True,0.6071428656578064,False,9,-0.6483870967741935,0.0304,0.7072,0.5127,55.777,0.93359375,0.921875,0.939453125,0.91015625,0.640625,0.869140625,0.8018992456896552,0.4482758620689655,DESIGN_SPEC_ONLY_NOT_SYNTHESIS_VERIFIED,NOT_MEASURED,NOT_MEASURED,NOT_MEASURED,NOT_MEASURED,NOT_MEASURED,NOT_MEASURED,NOT_MEASURED,NOT_MEASURED,NOT_MEASURED,NOT_ASSESSED,UNAVAILABLE,3 species proxies; 0/20 matched strains; 0/8 MDR-specific oracles,True,0.4482758620689655
VQ-030,vq,30,GWFRFKSILPNIPRPLRQILKFS,23,True,True,True,0.5405405405405406,True,0.5714285373687744,False,5,-0.11739130434782613,0.6918,0.8016,0.3234,89.882,0.890625,0.97265625,0.849609375,0.83984375,0.736328125,0.8578125,0.7999177631578948,0.38596491228070173,DESIGN_SPEC_ONLY_NOT_SYNTHESIS_VERIFIED,NOT_MEASURED,NOT_MEASURED,NOT_MEASURED,NOT_MEASURED,NOT_MEASURED,NOT_MEASURED,NOT_MEASURED,NOT_MEASURED,NOT_MEASURED,NOT_ASSESSED,UNAVAILABLE,3 species proxies; 0/20 matched strains; 0/8 MDR-specific oracles,True,0.46153846153846156
VQ-031,vq,31,YLDRAAFRLYYLFLYRRKIGSWFKQIRKQSSK,32,True,True,True,0.4918032786885246,True,0.5185185074806213,False,8,-0.665625,0.5252,-0.0332,0.4264,40.329,0.9466145833333334,0.94921875,0.9453125,0.90234375,0.5944010416666667,0.867578125,0.799157072368421,0.45614035087719296,DESIGN_SPEC_ONLY_NOT_SYNTHESIS_VERIFIED,NOT_MEASURED,NOT_MEASURED,NOT_MEASURED,NOT_MEASURED,NOT_MEASURED,NOT_MEASURED,NOT_MEASURED,NOT_MEASURED,NOT_MEASURED,NOT_ASSESSED,UNAVAILABLE,3 species proxies; 0/20 matched strains; 0/8 MDR-specific oracles,True,0.45614035087719296
VQ-032,vq,32,MCILRLKRILKIKSFPRQYINLGSRPGGP,29,True,True,True,0.5660377358490566,True,0.5490196347236633,False,7,-0.1793103448275863,0.5826,0.6912,0.2766,47.124,0.9244791666666666,0.98828125,0.892578125,0.875,0.6184895833333333,0.859765625,0.7930989583333333,0.4444444444444444,DESIGN_SPEC_ONLY_NOT_SYNTHESIS_VERIFIED,NOT_MEASURED,NOT_MEASURED,NOT_MEASURED,NOT_MEASURED,NOT_MEASURED,NOT_MEASURED,NOT_MEASURED,NOT_MEASURED,NOT_MEASURED,NOT_ASSESSED,UNAVAILABLE,3 species proxies; 0/20 matched strains; 0/8 MDR-specific oracles,True,0.48275862068965514
VQ-033,vq,33,MKNYYNYRKYRIVVLAFVELLSQ,23,True,True,True,0.5,True,0.6222221851348877,False,3,-0.07826086956521731,0.6672,0.3522,0.4373,60.611,0.91796875,0.9453125,0.904296875,0.84765625,0.658203125,0.8546875,0.7924233490566038,0.41509433962264153,DESIGN_SPEC_ONLY_NOT_SYNTHESIS_VERIFIED,NOT_MEASURED,NOT_MEASURED,NOT_MEASURED,NOT_MEASURED,NOT_MEASURED,NOT_MEASURED,NOT_MEASURED,NOT_MEASURED,NOT_MEASURED,NOT_ASSESSED,UNAVAILABLE,3 species proxies; 0/20 matched strains; 0/8 MDR-specific oracles,True,0.42307692307692313
VQ-034,vq,34,EELEEFFYKVFKYVKNGFFRTPIGNPRKSAKFSM,34,True,True,True,0.5,True,0.5199999809265137,False,3,-0.6235294117647058,-0.3529,0.7095,0.6095,45.104,0.9270833333333334,0.8828125,0.94921875,0.8828125,0.6080729166666667,0.85,0.79,0.4,DESIGN_SPEC_ONLY_NOT_SYNTHESIS_VERIFIED,NOT_MEASURED,NOT_MEASURED,NOT_MEASURED,NOT_MEASURED,NOT_MEASURED,NOT_MEASURED,NOT_MEASURED,NOT_MEASURED,NOT_MEASURED,NOT_ASSESSED,UNAVAILABLE,3 species proxies; 0/20 matched strains; 0/8 MDR-specific oracles,True,0.46875
VQ-035,vq,35,MAFTSVGYVGLLGLIVLYFGLFRLFNG,27,True,True,True,0.52,True,0.5957446694374084,False,1,1.507407407407407,-1.2419,0.6774,0.4458,17.468,0.9557291666666666,0.9453125,0.9609375,0.921875,0.5013020833333333,0.85703125,0.7891067216981132,0.4528301886792453,DESIGN_SPEC_ONLY_NOT_SYNTHESIS_VERIFIED,NOT_MEASURED,NOT_MEASURED,NOT_MEASURED,NOT_MEASURED,NOT_MEASURED,NOT_MEASURED,NOT_MEASURED,NOT_MEASURED,NOT_MEASURED,NOT_ASSESSED,UNAVAILABLE,3 species proxies; 0/20 matched strains; 0/8 MDR-specific oracles,True,0.5423728813559322
VQ-036,vq,36,MIRFIIKHIILYLIFLWSKFTIFL,24,True,True,True,0.5789473684210527,True,0.6000000238418579,False,3,1.6916666666666664,0.0868,0.156,0.4473,5.278,0.9622395833333334,0.9453125,0.970703125,0.9453125,0.4811197916666667,0.8609375,0.7873525943396227,0.49056603773584906,DESIGN_SPEC_ONLY_NOT_SYNTHESIS_VERIFIED,NOT_MEASURED,NOT_MEASURED,NOT_MEASURED,NOT_MEASURED,NOT_MEASURED,NOT_MEASURED,NOT_MEASURED,NOT_MEASURED,NOT_MEASURED,NOT_ASSESSED,UNAVAILABLE,3 species proxies; 0/20 matched strains; 0/8 MDR-specific oracles,True,0.5
VQ-037,vq,37,MRSWILVYDKPPPCKMFKWYANFGRTKT,28,True,True,True,0.5416666666666667,True,0.535714328289032,False,5,-0.6142857142857142,0.5776,0.1008,0.5719,45.336,0.9192708333333334,0.8984375,0.9296875,0.87890625,0.6080729166666667,0.846875,0.786875,0.4,DESIGN_SPEC_ONLY_NOT_SYNTHESIS_VERIFIED,NOT_MEASURED,NOT_MEASURED,NOT_MEASURED,NOT_MEASURED,NOT_MEASURED,NOT_MEASURED,NOT_MEASURED,NOT_MEASURED,NOT_MEASURED,NOT_ASSESSED,UNAVAILABLE,3 species proxies; 0/20 matched strains; 0/8 MDR-specific oracles,True,0.42105263157894735
VQ-038,vq,38,MKLFAASALRFAKQAVFIQRKAVGGEEI,28,True,True,True,0.5652173913043479,True,0.6037735939025879,False,3,0.35000000000000003,0.7963,0.4891,0.5444,105.053,0.8893229166666666,0.9140625,0.876953125,0.8046875,0.7591145833333333,0.848828125,0.7867591594827587,0.4137931034482759,DESIGN_SPEC_ONLY_NOT_SYNTHESIS_VERIFIED,NOT_MEASURED,NOT_MEASURED,NOT_MEASURED,NOT_MEASURED,NOT_MEASURED,NOT_MEASURED,NOT_MEASURED,NOT_MEASURED,NOT_MEASURED,NOT_ASSESSED,UNAVAILABLE,3 species proxies; 0/20 matched strains; 0/8 MDR-specific oracles,True,0.49056603773584906
VQ-039,vq,39,EGFDKKKKAVVRFKKPPKEAESPAISFNKFFT,32,True,True,True,0.5,True,0.5263158082962036,False,5,-0.8875000000000001,0.1554,0.7694,0.6321,66.137,0.90234375,0.875,0.916015625,0.875,0.67578125,0.848828125,0.7851917613636364,0.4242424242424242,DESIGN_SPEC_ONLY_NOT_SYNTHESIS_VERIFIED,NOT_MEASURED,NOT_MEASURED,NOT_MEASURED,NOT_MEASURED,NOT_MEASURED,NOT_MEASURED,NOT_MEASURED,NOT_MEASURED,NOT_MEASURED,NOT_ASSESSED,UNAVAILABLE,3 species proxies; 0/20 matched strains; 0/8 MDR-specific oracles,True,0.4242424242424242
VQ-040,vq,40,AGQKALAFRKVSAKLTRGTSKRTETLIAAK,30,True,True,True,0.5416666666666667,True,0.6101694703102112,False,7,-0.38333333333333325,0.941,-0.2089,0.5446,119.997,0.890625,0.9140625,0.87890625,0.7578125,0.79296875,0.846875,0.7839717741935485,0.4193548387096774,DESIGN_SPEC_ONLY_NOT_SYNTHESIS_VERIFIED,NOT_MEASURED,NOT_MEASURED,NOT_MEASURED,NOT_MEASURED,NOT_MEASURED,NOT_MEASURED,NOT_MEASURED,NOT_MEASURED,NOT_MEASURED,NOT_ASSESSED,UNAVAILABLE,3 species proxies; 0/20 matched strains; 0/8 MDR-specific oracles,True,0.4814814814814815
VQ-041,vq,41,MDIFSGIDNTALNSYHGQYRQAVYGHGA,28,True,True,True,0.5,True,0.5517241358757019,False,-1,-0.45,0.7639,0.7712,0.4194,89.411,0.8802083333333334,0.94921875,0.845703125,0.81640625,0.7272135416666667,0.84375,0.78375,0.4,DESIGN_SPEC_ONLY_NOT_SYNTHESIS_VERIFIED,NOT_MEASURED,NOT_MEASURED,NOT_MEASURED,NOT_MEASURED,NOT_MEASURED,NOT_MEASURED,NOT_MEASURED,NOT_MEASURED,NOT_MEASURED,NOT_ASSESSED,UNAVAILABLE,3 species proxies; 0/20 matched strains; 0/8 MDR-specific oracles,True,0.4
VQ-042,vq,42,KLEGIFSLKQFLKKVKLKGIAKLVE,25,True,True,True,0.6122448979591837,True,0.5882352590560913,False,5,0.17600000000000002,0.5316,0.9101,0.468,130.157,0.8763020833333334,0.9453125,0.841796875,0.78515625,0.8131510416666667,0.85234375,0.7831129807692307,0.46153846153846156,DESIGN_SPEC_ONLY_NOT_SYNTHESIS_VERIFIED,NOT_MEASURED,NOT_MEASURED,NOT_MEASURED,NOT_MEASURED,NOT_MEASURED,NOT_MEASURED,NOT_MEASURED,NOT_MEASURED,NOT_MEASURED,NOT_ASSESSED,UNAVAILABLE,3 species proxies; 0/20 matched strains; 0/8 MDR-specific oracles,True,0.49056603773584906
VQ-043,vq,43,MKQGVPSDNMKRRNLHRYYNYKYKG,25,True,True,True,0.5,True,0.5581395626068115,False,6,-1.8559999999999997,0.7898,0.6235,0.5751,108.507,0.875,0.890625,0.8671875,0.8046875,0.76171875,0.83984375,0.7823969414893617,0.3829787234042553,DESIGN_SPEC_ONLY_NOT_SYNTHESIS_VERIFIED,NOT_MEASURED,NOT_MEASURED,NOT_MEASURED,NOT_MEASURED,NOT_MEASURED,NOT_MEASURED,NOT_MEASURED,NOT_MEASURED,NOT_MEASURED,NOT_ASSESSED,UNAVAILABLE,3 species proxies; 0/20 matched strains; 0/8 MDR-specific oracles,True,0.4444444444444444
VQ-044,vq,44,YKVSVYKTVLGVSADFSTILGFLDGFLLLKEP,32,True,True,True,0.509090909090909,True,0.6071428656578064,False,0,0.7156250000000002,0.5321,0.6882,0.4426,34.98,0.91796875,0.9453125,0.904296875,0.8984375,0.548828125,0.84296875,0.7819518008474576,0.4067796610169492,DESIGN_SPEC_ONLY_NOT_SYNTHESIS_VERIFIED,NOT_MEASURED,NOT_MEASURED,NOT_MEASURED,NOT_MEASURED,NOT_MEASURED,NOT_MEASURED,NOT_MEASURED,NOT_MEASURED,NOT_MEASURED,NOT_ASSESSED,UNAVAILABLE,3 species proxies; 0/20 matched strains; 0/8 MDR-specific oracles,True,0.47619047619047616
VQ-045,vq,45,AAAPKGPGWTFAITVRLLAKLLKL,24,True,True,True,0.6,True,0.5660377740859985,False,4,0.7083333333333334,0.5701,0.7689,0.5572,85.481,0.8880208333333334,0.90234375,0.880859375,0.87890625,0.7194010416666667,0.85390625,0.78190625,0.48,DESIGN_SPEC_ONLY_NOT_SYNTHESIS_VERIFIED,NOT_MEASURED,NOT_MEASURED,NOT_MEASURED,NOT_MEASURED,NOT_MEASURED,NOT_MEASURED,NOT_MEASURED,NOT_MEASURED,NOT_MEASURED,NOT_ASSESSED,UNAVAILABLE,3 species proxies; 0/20 matched strains; 0/8 MDR-specific oracles,True,0.4814814814814815
VQ-046,vq,46,MTRKVHTGYSQKPKIIKELDFPPEPMLETD,30,True,True,True,0.48,True,0.5490196347236633,False,0,-0.93,-0.0844,0.9752,0.433,87.798,0.8932291666666666,0.9453125,0.8671875,0.7578125,0.7298177083333333,0.838671875,0.779655481557377,0.39344262295081966,DESIGN_SPEC_ONLY_NOT_SYNTHESIS_VERIFIED,NOT_MEASURED,NOT_MEASURED,NOT_MEASURED,NOT_MEASURED,NOT_MEASURED,NOT_MEASURED,NOT_MEASURED,NOT_MEASURED,NOT_MEASURED,NOT_ASSESSED,UNAVAILABLE,3 species proxies; 0/20 matched strains; 0/8 MDR-specific oracles,True,0.4067796610169492
VQ-047,vq,47,MDIRSWNKIFFIIRPFKMSTLAIKHWNYKF,30,True,True,True,0.5416666666666667,True,0.5660377740859985,False,5,-0.07333333333333343,0.0105,0.3153,0.5251,24.66,0.9505208333333334,0.921875,0.96484375,0.921875,0.5201822916666667,0.855859375,0.779588188559322,0.5084745762711864,DESIGN_SPEC_ONLY_NOT_SYNTHESIS_VERIFIED,NOT_MEASURED,NOT_MEASURED,NOT_MEASURED,NOT_MEASURED,NOT_MEASURED,NOT_MEASURED,NOT_MEASURED,NOT_MEASURED,NOT_MEASURED,NOT_ASSESSED,UNAVAILABLE,3 species proxies; 0/20 matched strains; 0/8 MDR-specific oracles,True,0.5084745762711864
VQ-048,vq,48,AFIILNVYSKYASIKNYIIKLLDVENRLS,29,True,True,True,0.5581395348837209,True,0.5555555820465088,False,2,0.43103448275862055,0.0271,0.3138,0.6071,32.659,0.9375,0.8828125,0.96484375,0.8828125,0.55078125,0.84375,0.7794642857142857,0.4285714285714286,DESIGN_SPEC_ONLY_NOT_SYNTHESIS_VERIFIED,NOT_MEASURED,NOT_MEASURED,NOT_MEASURED,NOT_MEASURED,NOT_MEASURED,NOT_MEASURED,NOT_MEASURED,NOT_MEASURED,NOT_MEASURED,NOT_ASSESSED,UNAVAILABLE,3 species proxies; 0/20 matched strains; 0/8 MDR-specific oracles,True,0.4814814814814815
VQ-049,vq,49,TSFFGIIKPNYMPGKRNALQRKTIKIYYKLL,31,True,True,True,0.5,True,0.5384615063667297,False,7,-0.3354838709677419,0.5162,0.7348,0.5046,40.782,0.9140625,0.93359375,0.904296875,0.88671875,0.578125,0.843359375,0.778359375,0.43333333333333335,DESIGN_SPEC_ONLY_NOT_SYNTHESIS_VERIFIED,NOT_MEASURED,NOT_MEASURED,NOT_MEASURED,NOT_MEASURED,NOT_MEASURED,NOT_MEASURED,NOT_MEASURED,NOT_MEASURED,NOT_MEASURED,NOT_ASSESSED,UNAVAILABLE,3 species proxies; 0/20 matched strains; 0/8 MDR-specific oracles,True,0.4642857142857143
VQ-050,vq,50,LGMSQAPLSFRRMTVRMIRSDIRMLSCGI,29,True,True,True,0.5,True,0.5666666626930237,False,4,0.27586206896551724,0.6105,0.6845,0.6376,67.667,0.8880208333333334,0.875,0.89453125,0.875,0.6725260416666667,0.841015625,0.7775540865384616,0.42307692307692313,DESIGN_SPEC_ONLY_NOT_SYNTHESIS_VERIFIED,NOT_MEASURED,NOT_MEASURED,NOT_MEASURED,NOT_MEASURED,NOT_MEASURED,NOT_MEASURED,NOT_MEASURED,NOT_MEASURED,NOT_MEASURED,NOT_ASSESSED,UNAVAILABLE,3 species proxies; 0/20 matched strains; 0/8 MDR-specific oracles,True,0.47457627118644063
VQ-051,vq,51,TKFKIHLTIRKKVILELLYLILEIKTLKKH,30,True,True,True,0.5769230769230769,True,0.5901639461517334,False,6,0.24999999999999997,-0.0477,0.6786,0.412,21.651,0.9453125,0.94921875,0.943359375,0.91796875,0.5078125,0.852734375,0.7751481681034483,0.5172413793103448,DESIGN_SPEC_ONLY_NOT_SYNTHESIS_VERIFIED,NOT_MEASURED,NOT_MEASURED,NOT_MEASURED,NOT_MEASURED,NOT_MEASURED,NOT_MEASURED,NOT_MEASURED,NOT_MEASURED,NOT_MEASURED,NOT_ASSESSED,UNAVAILABLE,3 species proxies; 0/20 matched strains; 0/8 MDR-specific oracles,True,0.5172413793103448
VQ-052,vq,52,MMLIAMVRKSMMRVTRLEIVFGEIFCK,27,True,True,True,0.5,True,0.5531914830207825,False,3,0.8481481481481483,0.5216,0.8121,0.3287,41.011,0.91015625,0.97265625,0.87890625,0.8515625,0.576171875,0.837890625,0.7744290865384615,0.42307692307692313,DESIGN_SPEC_ONLY_NOT_SYNTHESIS_VERIFIED,NOT_MEASURED,NOT_MEASURED,NOT_MEASURED,NOT_MEASURED,NOT_MEASURED,NOT_MEASURED,NOT_MEASURED,NOT_MEASURED,NOT_MEASURED,NOT_ASSESSED,UNAVAILABLE,3 species proxies; 0/20 matched strains; 0/8 MDR-specific oracles,True,0.45614035087719296
VQ-053,vq,53,GDLLVRIAMMTAMMMLRILDIYYWHHA,27,True,True,True,0.4864864864864865,True,0.5652173757553101,False,0,0.7703703703703705,0.6784,0.0668,0.3627,27.054,0.9309895833333334,0.9609375,0.916015625,0.84765625,0.5201822916666667,0.83515625,0.7737926136363636,0.40909090909090906,DESIGN_SPEC_ONLY_NOT_SYNTHESIS_VERIFIED,NOT_MEASURED,NOT_MEASURED,NOT_MEASURED,NOT_MEASURED,NOT_MEASURED,NOT_MEASURED,NOT_MEASURED,NOT_MEASURED,NOT_MEASURED,NOT_ASSESSED,UNAVAILABLE,3 species proxies; 0/20 matched strains; 0/8 MDR-specific oracles,True,0.4137931034482759
VQ-054,vq,54,MKNIVQFILGMTITNGYRLKETFFLSLH,28,True,True,True,0.55,True,0.5762711763381958,False,2,0.3785714285714285,0.6181,0.5421,0.4783,33.458,0.91796875,0.94140625,0.90625,0.875,0.54296875,0.83671875,0.7732572115384615,0.42307692307692313,DESIGN_SPEC_ONLY_NOT_SYNTHESIS_VERIFIED,NOT_MEASURED,NOT_MEASURED,NOT_MEASURED,NOT_MEASURED,NOT_MEASURED,NOT_MEASURED,NOT_MEASURED,NOT_MEASURED,NOT_MEASURED,NOT_ASSESSED,UNAVAILABLE,3 species proxies; 0/20 matched strains; 0/8 MDR-specific oracles,True,0.47058823529411764
VQ-055,vq,55,MLYCKALWLSLYCVKQVLRKCCTMKELVVF,30,True,True,True,0.5116279069767442,True,0.5490196347236633,False,4,0.8633333333333333,0.5162,0.7581,0.3376,24.408,0.9244791666666666,0.96875,0.90234375,0.8828125,0.5052083333333333,0.83671875,0.7712642045454545,0.4363636363636364,DESIGN_SPEC_ONLY_NOT_SYNTHESIS_VERIFIED,NOT_MEASURED,NOT_MEASURED,NOT_MEASURED,NOT_MEASURED,NOT_MEASURED,NOT_MEASURED,NOT_MEASURED,NOT_MEASURED,NOT_MEASURED,NOT_ASSESSED,UNAVAILABLE,3 species proxies; 0/20 matched strains; 0/8 MDR-specific oracles,True,0.4363636363636364
VQ-056,vq,56,VVAFYKVKKPGINTVRRGFELVHAKYLPLR,30,True,True,True,0.5263157894736843,True,0.5600000023841858,False,6,-0.01666666666666671,0.865,0.6598,0.1986,70.297,0.8997395833333334,1.0,0.849609375,0.77734375,0.6901041666666667,0.843359375,0.7711371527777778,0.4814814814814815,DESIGN_SPEC_ONLY_NOT_SYNTHESIS_VERIFIED,NOT_MEASURED,NOT_MEASURED,NOT_MEASURED,NOT_MEASURED,NOT_MEASURED,NOT_MEASURED,NOT_MEASURED,NOT_MEASURED,NOT_MEASURED,NOT_ASSESSED,UNAVAILABLE,3 species proxies; 0/20 matched strains; 0/8 MDR-specific oracles,True,0.5
VQ-057,vq,57,GFHYKWNVWRRF,12,True,True,True,0.6666666666666667,True,0.6666666269302368,False,3,-1.1083333333333334,0.6923,0.8746,0.6652,160.226,0.83984375,0.86328125,0.828125,0.81640625,0.86328125,0.8421875,0.7707589285714286,0.47619047619047616,DESIGN_SPEC_ONLY_NOT_SYNTHESIS_VERIFIED,NOT_MEASURED,NOT_MEASURED,NOT_MEASURED,NOT_MEASURED,NOT_MEASURED,NOT_MEASURED,NOT_MEASURED,NOT_MEASURED,NOT_MEASURED,NOT_ASSESSED,UNAVAILABLE,3 species proxies; 0/20 matched strains; 0/8 MDR-specific oracles,True,0.47619047619047616
VQ-058,vq,58,VMALRRRSSLYRNVGEYFELLSTLLRVPNRRG,32,True,True,True,0.5116279069767442,True,0.5714285373687744,False,5,-0.3656250000000001,0.7473,-1.2617,0.5156,43.589,0.9166666666666666,0.921875,0.9140625,0.828125,0.5970052083333333,0.835546875,0.7694451800847458,0.44067796610169496,DESIGN_SPEC_ONLY_NOT_SYNTHESIS_VERIFIED,NOT_MEASURED,NOT_MEASURED,NOT_MEASURED,NOT_MEASURED,NOT_MEASURED,NOT_MEASURED,NOT_MEASURED,NOT_MEASURED,NOT_MEASURED,NOT_ASSESSED,UNAVAILABLE,3 species proxies; 0/20 matched strains; 0/8 MDR-specific oracles,True,0.4444444444444444
VQ-059,vq,59,RFLSADRFMGIGVAGCKLSVKMSINSANWLR,31,True,True,True,0.5185185185185186,True,0.5555555820465088,False,4,0.2903225806451612,0.7697,0.2331,0.5651,62.46,0.8932291666666666,0.8984375,0.890625,0.81640625,0.6536458333333333,0.83046875,0.7693576388888889,0.40740740740740744,DESIGN_SPEC_ONLY_NOT_SYNTHESIS_VERIFIED,NOT_MEASURED,NOT_MEASURED,NOT_MEASURED,NOT_MEASURED,NOT_MEASURED,NOT_MEASURED,NOT_MEASURED,NOT_MEASURED,NOT_MEASURED,NOT_ASSESSED,UNAVAILABLE,3 species proxies; 0/20 matched strains; 0/8 MDR-specific oracles,True,0.4590163934426229
VQ-060,vq,60,MGSTYVGYYQYIGYIYTF,18,True,True,True,0.5333333333333333,True,0.6111111044883728,False,0,0.17777777777777778,-0.0873,0.9957,0.3828,69.532,0.89453125,0.953125,0.865234375,0.75390625,0.685546875,0.83046875,0.768704044117647,0.4117647058823529,DESIGN_SPEC_ONLY_NOT_SYNTHESIS_VERIFIED,NOT_MEASURED,NOT_MEASURED,NOT_MEASURED,NOT_MEASURED,NOT_MEASURED,NOT_MEASURED,NOT_MEASURED,NOT_MEASURED,NOT_MEASURED,NOT_ASSESSED,UNAVAILABLE,3 species proxies; 0/20 matched strains; 0/8 MDR-specific oracles,True,0.4117647058823529
VQ-061,vq,61,MHYTFIKQSKATVLTLKLGIRLDLKIRLQLR,31,True,True,True,0.5531914893617021,True,0.5862069129943848,False,6,0.1096774193548386,0.8033,0.1796,0.3549,51.006,0.9140625,0.9609375,0.890625,0.8046875,0.623046875,0.838671875,0.7672433035714286,0.47619047619047616,DESIGN_SPEC_ONLY_NOT_SYNTHESIS_VERIFIED,NOT_MEASURED,NOT_MEASURED,NOT_MEASURED,NOT_MEASURED,NOT_MEASURED,NOT_MEASURED,NOT_MEASURED,NOT_MEASURED,NOT_MEASURED,NOT_ASSESSED,UNAVAILABLE,3 species proxies; 0/20 matched strains; 0/8 MDR-specific oracles,True,0.5079365079365079
VQ-062,vq,62,MRLRKRELIEIFMLALGMWVVLIAR,25,True,True,True,0.5405405405405406,True,0.6341463327407837,False,3,0.912,-0.0632,0.7632,0.4341,22.701,0.93359375,0.9453125,0.927734375,0.8828125,0.501953125,0.83828125,0.76628125,0.48,DESIGN_SPEC_ONLY_NOT_SYNTHESIS_VERIFIED,NOT_MEASURED,NOT_MEASURED,NOT_MEASURED,NOT_MEASURED,NOT_MEASURED,NOT_MEASURED,NOT_MEASURED,NOT_MEASURED,NOT_MEASURED,NOT_ASSESSED,UNAVAILABLE,3 species proxies; 0/20 matched strains; 0/8 MDR-specific oracles,True,0.48
VQ-063,vq,63,FLFLIVYVKGKNKYILATLKKLIKS,25,True,True,True,0.5945945945945945,True,0.6071428656578064,False,6,0.6760000000000003,-0.6124,-0.0217,0.6307,24.484,0.9505208333333334,0.875,0.98828125,0.875,0.5182291666666667,0.84140625,0.7650426136363637,0.509090909090909,DESIGN_SPEC_ONLY_NOT_SYNTHESIS_VERIFIED,NOT_MEASURED,NOT_MEASURED,NOT_MEASURED,NOT_MEASURED,NOT_MEASURED,NOT_MEASURED,NOT_MEASURED,NOT_MEASURED,NOT_MEASURED,NOT_ASSESSED,UNAVAILABLE,3 species proxies; 0/20 matched strains; 0/8 MDR-specific oracles,True,0.5333333333333333
VQ-064,vq,64,RYYRNIVANGTYVHMCAFSS,20,True,True,True,0.5333333333333333,True,0.5517241358757019,False,2,-0.10500000000000001,0.5569,0.701,0.7181,90.627,0.8723958333333334,0.8203125,0.8984375,0.8203125,0.7272135416666667,0.827734375,0.7649436773255814,0.41860465116279066,DESIGN_SPEC_ONLY_NOT_SYNTHESIS_VERIFIED,NOT_MEASURED,NOT_MEASURED,NOT_MEASURED,NOT_MEASURED,NOT_MEASURED,NOT_MEASURED,NOT_MEASURED,NOT_MEASURED,NOT_MEASURED,NOT_ASSESSED,UNAVAILABLE,3 species proxies; 0/20 matched strains; 0/8 MDR-specific oracles,True,0.41860465116279066
VQ-065,vq,65,RAHSYKWIYARPGSYNYIRW,20,True,True,True,0.5517241379310345,True,0.5625,False,4,-1.105,0.6058,0.656,0.7362,101.442,0.8723958333333334,0.81640625,0.900390625,0.81640625,0.7467447916666667,0.83046875,0.76296875,0.44999999999999996,DESIGN_SPEC_ONLY_NOT_SYNTHESIS_VERIFIED,NOT_MEASURED,NOT_MEASURED,NOT_MEASURED,NOT_MEASURED,NOT_MEASURED,NOT_MEASURED,NOT_MEASURED,NOT_MEASURED,NOT_MEASURED,NOT_ASSESSED,UNAVAILABLE,3 species proxies; 0/20 matched strains; 0/8 MDR-specific oracles,True,0.44999999999999996
VQ-066,vq,66,AEKCKIEKRDLDLNHILDCFRRIMGIHLCMACNGCTMN,38,True,True,True,0.46376811594202894,True,0.5,False,1,-0.08684210526315772,0.5162,-0.2317,0.7691,49.391,0.9088541666666666,0.8046875,0.9609375,0.8046875,0.6145833333333333,0.81875,0.7616071428571428,0.38095238095238093,DESIGN_SPEC_ONLY_NOT_SYNTHESIS_VERIFIED,NOT_MEASURED,NOT_MEASURED,NOT_MEASURED,NOT_MEASURED,NOT_MEASURED,NOT_MEASURED,NOT_MEASURED,NOT_MEASURED,NOT_MEASURED,NOT_ASSESSED,UNAVAILABLE,3 species proxies; 0/20 matched strains; 0/8 MDR-specific oracles,True,0.4057971014492754
VQ-067,vq,67,LRAELTGGYAVQLQFITIKNGIAKYGNEIKE,31,True,True,True,0.52,True,0.5573770403862,False,1,-0.14516129032258066,0.0563,0.7396,0.7739,80.836,0.8854166666666666,0.8046875,0.92578125,0.8046875,0.7083333333333333,0.82578125,0.7614955357142857,0.4285714285714286,DESIGN_SPEC_ONLY_NOT_SYNTHESIS_VERIFIED,NOT_MEASURED,NOT_MEASURED,NOT_MEASURED,NOT_MEASURED,NOT_MEASURED,NOT_MEASURED,NOT_MEASURED,NOT_MEASURED,NOT_MEASURED,NOT_ASSESSED,UNAVAILABLE,3 species proxies; 0/20 matched strains; 0/8 MDR-specific oracles,True,0.4642857142857143
VQ-068,vq,68,MIRYHWKFRIYQFF,14,True,True,True,0.6086956521739131,True,0.6399999856948853,False,3,-0.27142857142857135,0.8923,0.205,0.5482,79.704,0.8854166666666666,0.9140625,0.87109375,0.76953125,0.7063802083333333,0.829296875,0.7582442434210527,0.4736842105263158,DESIGN_SPEC_ONLY_NOT_SYNTHESIS_VERIFIED,NOT_MEASURED,NOT_MEASURED,NOT_MEASURED,NOT_MEASURED,NOT_MEASURED,NOT_MEASURED,NOT_MEASURED,NOT_MEASURED,NOT_MEASURED,NOT_ASSESSED,UNAVAILABLE,3 species proxies; 0/20 matched strains; 0/8 MDR-specific oracles,True,0.48275862068965514
VQ-069,vq,69,MANLGDWMLWSKKVLRLGSCGIYRYNE,27,True,True,True,0.509090909090909,True,0.5714285373687744,False,2,-0.2222222222222222,0.8272,0.4534,0.2644,38.325,0.9114583333333334,0.98828125,0.873046875,0.79296875,0.5611979166666667,0.825390625,0.7581492456896552,0.4482758620689655,DESIGN_SPEC_ONLY_NOT_SYNTHESIS_VERIFIED,NOT_MEASURED,NOT_MEASURED,NOT_MEASURED,NOT_MEASURED,NOT_MEASURED,NOT_MEASURED,NOT_MEASURED,NOT_MEASURED,NOT_MEASURED,NOT_ASSESSED,UNAVAILABLE,3 species proxies; 0/20 matched strains; 0/8 MDR-specific oracles,True,0.46153846153846156
VQ-070,vq,70,VQRYRRRPRRAYYGRTVLLRAIRLRRRR,28,True,True,True,0.6341463414634146,True,0.5957446694374084,False,13,-1.4535714285714287,1.0866,-0.5628,0.3236,84.616,0.8880208333333334,0.97265625,0.845703125,0.69140625,0.7174479166666667,0.823046875,0.758046875,0.43333333333333335,DESIGN_SPEC_ONLY_NOT_SYNTHESIS_VERIFIED,NOT_MEASURED,NOT_MEASURED,NOT_MEASURED,NOT_MEASURED,NOT_MEASURED,NOT_MEASURED,NOT_MEASURED,NOT_MEASURED,NOT_MEASURED,NOT_ASSESSED,UNAVAILABLE,3 species proxies; 0/20 matched strains; 0/8 MDR-specific oracles,True,0.4642857142857143
VQ-071,vq,71,MRKCYGVPKLKQISGQLHSYYKTGLLNRTA,30,True,True,True,0.52,True,0.5614035129547119,False,6,-0.5966666666666666,0.5252,0.7611,0.7439,89.745,0.8671875,0.81640625,0.892578125,0.81640625,0.72265625,0.823046875,0.7575923295454545,0.4363636363636364,DESIGN_SPEC_ONLY_NOT_SYNTHESIS_VERIFIED,NOT_MEASURED,NOT_MEASURED,NOT_MEASURED,NOT_MEASURED,NOT_MEASURED,NOT_MEASURED,NOT_MEASURED,NOT_MEASURED,NOT_MEASURED,NOT_ASSESSED,UNAVAILABLE,3 species proxies; 0/20 matched strains; 0/8 MDR-specific oracles,True,0.4666666666666667
VQ-072,vq,72,PVFAVVIIYSVRPVPRKSVSLVPEFIWYRHV,31,True,True,True,0.5098039215686274,True,0.5517241358757019,False,3,0.7064516129032257,0.6948,-0.0289,0.5374,24.207,0.9153645833333334,0.91796875,0.9140625,0.83984375,0.4986979166666667,0.8171875,0.7571874999999999,0.4,DESIGN_SPEC_ONLY_NOT_SYNTHESIS_VERIFIED,NOT_MEASURED,NOT_MEASURED,NOT_MEASURED,NOT_MEASURED,NOT_MEASURED,NOT_MEASURED,NOT_MEASURED,NOT_MEASURED,NOT_MEASURED,NOT_ASSESSED,UNAVAILABLE,3 species proxies; 0/20 matched strains; 0/8 MDR-specific oracles,True,0.4528301886792453
VQ-073,vq,73,MVIRGTAYCLLAIFLPIGCVLTILIFRLSGLY,32,True,True,True,0.5098039215686274,True,0.6031745672225952,False,2,1.7812499999999998,0.6093,0.6773,0.2938,11.956,0.9270833333333334,0.984375,0.8984375,0.875,0.4752604166666667,0.83203125,0.755760063559322,0.5084745762711864,DESIGN_SPEC_ONLY_NOT_SYNTHESIS_VERIFIED,NOT_MEASURED,NOT_MEASURED,NOT_MEASURED,NOT_MEASURED,NOT_MEASURED,NOT_MEASURED,NOT_MEASURED,NOT_MEASURED,NOT_MEASURED,NOT_ASSESSED,UNAVAILABLE,3 species proxies; 0/20 matched strains; 0/8 MDR-specific oracles,True,0.5084745762711864
VQ-074,vq,74,VKVSAKKMTAQWVWFAHGYGYFFVL,25,True,True,True,0.5333333333333333,True,0.5909090638160706,False,3,0.44799999999999995,0.5217,0.8258,0.3271,24.592,0.9036458333333334,0.97265625,0.869140625,0.83203125,0.4967447916666667,0.81484375,0.75484375,0.4,DESIGN_SPEC_ONLY_NOT_SYNTHESIS_VERIFIED,NOT_MEASURED,NOT_MEASURED,NOT_MEASURED,NOT_MEASURED,NOT_MEASURED,NOT_MEASURED,NOT_MEASURED,NOT_MEASURED,NOT_MEASURED,NOT_ASSESSED,UNAVAILABLE,3 species proxies; 0/20 matched strains; 0/8 MDR-specific oracles,True,0.42105263157894735
VQ-075,vq,75,RWFFYAYRRLPAKYCNQTMPSTPNTVMQ,28,True,True,True,0.5,True,0.5423728823661804,False,4,-0.7285714285714288,0.5162,0.8854,0.5418,45.933,0.8815104166666666,0.9140625,0.865234375,0.80859375,0.5930989583333333,0.8125,0.7546052631578948,0.38596491228070173,DESIGN_SPEC_ONLY_NOT_SYNTHESIS_VERIFIED,NOT_MEASURED,NOT_MEASURED,NOT_MEASURED,NOT_MEASURED,NOT_MEASURED,NOT_MEASURED,NOT_MEASURED,NOT_MEASURED,NOT_MEASURED,NOT_ASSESSED,UNAVAILABLE,3 species proxies; 0/20 matched strains; 0/8 MDR-specific oracles,True,0.43999999999999995
VQ-076,vq,76,AFQKGVSMKKMTNMIKRQAVKVTMP,25,True,True,True,0.5581395348837209,True,0.5641025304794312,False,6,-0.30399999999999994,0.5254,0.517,0.8863,132.574,0.8606770833333334,0.7421875,0.919921875,0.7421875,0.8053385416666667,0.8140625,0.7540625000000001,0.4,DESIGN_SPEC_ONLY_NOT_SYNTHESIS_VERIFIED,NOT_MEASURED,NOT_MEASURED,NOT_MEASURED,NOT_MEASURED,NOT_MEASURED,NOT_MEASURED,NOT_MEASURED,NOT_MEASURED,NOT_MEASURED,NOT_ASSESSED,UNAVAILABLE,3 species proxies; 0/20 matched strains; 0/8 MDR-specific oracles,True,0.4727272727272728
VQ-077,vq,77,MEDLIIEVLAVAHARIPIIKHIKKKIALG,29,True,True,True,0.5365853658536586,True,0.5818182229995728,False,2,0.7379310344827588,-0.1731,-0.4771,0.7144,9.313,0.9401041666666666,0.8359375,0.9921875,0.8359375,0.4759114583333333,0.816015625,0.7537514740566038,0.41509433962264153,DESIGN_SPEC_ONLY_NOT_SYNTHESIS_VERIFIED,NOT_MEASURED,NOT_MEASURED,NOT_MEASURED,NOT_MEASURED,NOT_MEASURED,NOT_MEASURED,NOT_MEASURED,NOT_MEASURED,NOT_MEASURED,NOT_ASSESSED,UNAVAILABLE,3 species proxies; 0/20 matched strains; 0/8 MDR-specific oracles,True,0.44897959183673475
VQ-078,vq,78,GKGTLSQLAGNKLYQGRTLPPLKFLSTSVAAF,32,True,True,True,0.5,True,0.5423728823661804,False,4,0.021875000000000033,0.5677,0.8297,0.6402,65.356,0.86328125,0.875,0.857421875,0.83203125,0.654296875,0.81640625,0.7535030241935484,0.4193548387096774,DESIGN_SPEC_ONLY_NOT_SYNTHESIS_VERIFIED,NOT_MEASURED,NOT_MEASURED,NOT_MEASURED,NOT_MEASURED,NOT_MEASURED,NOT_MEASURED,NOT_MEASURED,NOT_MEASURED,NOT_MEASURED,NOT_ASSESSED,UNAVAILABLE,3 species proxies; 0/20 matched strains; 0/8 MDR-specific oracles,True,0.4193548387096774
VQ-079,vq,79,DGILESKDIPKLFRLLL,17,True,True,True,0.6486486486486487,True,0.6451612710952759,False,0,0.3058823529411764,0.6784,0.6932,0.6721,53.615,0.8736979166666666,0.86328125,0.87890625,0.84765625,0.6087239583333333,0.814453125,0.7530894886363636,0.40909090909090906,DESIGN_SPEC_ONLY_NOT_SYNTHESIS_VERIFIED,NOT_MEASURED,NOT_MEASURED,NOT_MEASURED,NOT_MEASURED,NOT_MEASURED,NOT_MEASURED,NOT_MEASURED,NOT_MEASURED,NOT_MEASURED,NOT_ASSESSED,UNAVAILABLE,3 species proxies; 0/20 matched strains; 0/8 MDR-specific oracles,True,0.44897959183673475
VQ-080,vq,80,MRHAATMRRGKMLAMRFASGRMLFSHLGII,30,True,True,True,0.5,True,0.5862069129943848,False,6,0.21333333333333324,0.3329,0.7024,0.6835,41.238,0.90234375,0.859375,0.923828125,0.859375,0.572265625,0.8234375,0.752251059322034,0.47457627118644063,DESIGN_SPEC_ONLY_NOT_SYNTHESIS_VERIFIED,NOT_MEASURED,NOT_MEASURED,NOT_MEASURED,NOT_MEASURED,NOT_MEASURED,NOT_MEASURED,NOT_MEASURED,NOT_MEASURED,NOT_MEASURED,NOT_ASSESSED,UNAVAILABLE,3 species proxies; 0/20 matched strains; 0/8 MDR-specific oracles,True,0.47457627118644063
VQ-081,vq,81,IIKLTKRDNLLKAMPSKSLLIS,22,True,True,True,0.5789473684210527,True,0.6037735939025879,False,4,0.19999999999999993,0.519,0.8888,0.4066,52.295,0.8880208333333334,0.94921875,0.857421875,0.8046875,0.6119791666666667,0.822265625,0.7520528590425531,0.46808510638297873,DESIGN_SPEC_ONLY_NOT_SYNTHESIS_VERIFIED,NOT_MEASURED,NOT_MEASURED,NOT_MEASURED,NOT_MEASURED,NOT_MEASURED,NOT_MEASURED,NOT_MEASURED,NOT_MEASURED,NOT_MEASURED,NOT_ASSESSED,UNAVAILABLE,3 species proxies; 0/20 matched strains; 0/8 MDR-specific oracles,True,0.46808510638297873
VQ-082,vq,82,RAACHRFVTLKRLSLLM,17,True,True,True,0.5714285714285714,True,0.615384578704834,False,4,0.4764705882352941,0.8486,0.6233,0.7144,117.727,0.8502604166666666,0.8359375,0.857421875,0.78515625,0.7669270833333333,0.819140625,0.7517936862244897,0.44897959183673475,DESIGN_SPEC_ONLY_NOT_SYNTHESIS_VERIFIED,NOT_MEASURED,NOT_MEASURED,NOT_MEASURED,NOT_MEASURED,NOT_MEASURED,NOT_MEASURED,NOT_MEASURED,NOT_MEASURED,NOT_MEASURED,NOT_ASSESSED,UNAVAILABLE,3 species proxies; 0/20 matched strains; 0/8 MDR-specific oracles,True,0.4864864864864865
VQ-083,vq,83,FLKLLRLAVSRLAYQRIRFMMRDMYCCTKKNY,32,True,True,True,0.48,True,0.5245901346206665,False,7,-0.07812499999999986,0.5314,0.896,0.2286,32.674,0.9010416666666666,1.0,0.8515625,0.8046875,0.5325520833333333,0.81796875,0.7513020833333334,0.4444444444444444,DESIGN_SPEC_ONLY_NOT_SYNTHESIS_VERIFIED,NOT_MEASURED,NOT_MEASURED,NOT_MEASURED,NOT_MEASURED,NOT_MEASURED,NOT_MEASURED,NOT_MEASURED,NOT_MEASURED,NOT_MEASURED,NOT_ASSESSED,UNAVAILABLE,3 species proxies; 0/20 matched strains; 0/8 MDR-specific oracles,True,0.4444444444444444
VQ-084,vq,84,ILQGLAIVTIGKYKILKSIINR,22,True,True,True,0.5882352941176471,True,0.6363636255264282,False,4,0.8,0.6313,-0.0172,0.5707,20.911,0.9173177083333334,0.8984375,0.9267578125,0.865234375,0.4938151041666667,0.8203125,0.7500997340425531,0.46808510638297873,DESIGN_SPEC_ONLY_NOT_SYNTHESIS_VERIFIED,NOT_MEASURED,NOT_MEASURED,NOT_MEASURED,NOT_MEASURED,NOT_MEASURED,NOT_MEASURED,NOT_MEASURED,NOT_MEASURED,NOT_MEASURED,NOT_ASSESSED,UNAVAILABLE,3 species proxies; 0/20 matched strains; 0/8 MDR-specific oracles,True,0.47058823529411764
VQ-085,vq,85,GAVYRAKVPKPYNTVVWMLARN,22,True,True,True,0.5581395348837209,True,0.5833333134651184,False,4,-0.16818181818181815,0.8829,0.5369,0.4006,53.469,0.8880208333333334,0.94921875,0.857421875,0.77734375,0.6158854166666667,0.817578125,0.7483473557692308,0.46153846153846156,DESIGN_SPEC_ONLY_NOT_SYNTHESIS_VERIFIED,NOT_MEASURED,NOT_MEASURED,NOT_MEASURED,NOT_MEASURED,NOT_MEASURED,NOT_MEASURED,NOT_MEASURED,NOT_MEASURED,NOT_MEASURED,NOT_ASSESSED,UNAVAILABLE,3 species proxies; 0/20 matched strains; 0/8 MDR-specific oracles,True,0.46153846153846156
VQ-086,vq,86,IANYIPGTQQHFFYKFYFNLILTLGKLK,28,True,True,True,0.5106382978723405,True,0.5762711763381958,False,3,0.18214285714285713,0.7565,0.7551,0.3312,40.248,0.8893229166666666,0.96875,0.849609375,0.81640625,0.5657552083333333,0.81796875,0.7483258928571429,0.4642857142857143,DESIGN_SPEC_ONLY_NOT_SYNTHESIS_VERIFIED,NOT_MEASURED,NOT_MEASURED,NOT_MEASURED,NOT_MEASURED,NOT_MEASURED,NOT_MEASURED,NOT_MEASURED,NOT_MEASURED,NOT_MEASURED,NOT_ASSESSED,UNAVAILABLE,3 species proxies; 0/20 matched strains; 0/8 MDR-specific oracles,True,0.4642857142857143
VQ-087,vq,87,RVYRRWWMR,9,True,True,True,0.7777777777777778,True,0.699999988079071,False,4,-1.6666666666666667,0.8748,0.7247,0.7522,247.024,0.828125,0.80859375,0.837890625,0.77734375,0.904296875,0.83125,0.7479166666666667,0.5555555555555556,DESIGN_SPEC_ONLY_NOT_SYNTHESIS_VERIFIED,NOT_MEASURED,NOT_MEASURED,NOT_MEASURED,NOT_MEASURED,NOT_MEASURED,NOT_MEASURED,NOT_MEASURED,NOT_MEASURED,NOT_MEASURED,NOT_ASSESSED,UNAVAILABLE,3 species proxies; 0/20 matched strains; 0/8 MDR-specific oracles,True,0.5555555555555556
VQ-088,vq,88,MPLKLMVAMRMDLTLTRGGPPTLAFLRTRRA,31,True,True,True,0.5416666666666667,True,0.5901639461517334,False,5,0.14516129032258074,0.5877,0.6642,0.7766,74.781,0.8658854166666666,0.80078125,0.8984375,0.80078125,0.6829427083333333,0.809765625,0.7478608630952381,0.4126984126984127,DESIGN_SPEC_ONLY_NOT_SYNTHESIS_VERIFIED,NOT_MEASURED,NOT_MEASURED,NOT_MEASURED,NOT_MEASURED,NOT_MEASURED,NOT_MEASURED,NOT_MEASURED,NOT_MEASURED,NOT_MEASURED,NOT_ASSESSED,UNAVAILABLE,3 species proxies; 0/20 matched strains; 0/8 MDR-specific oracles,True,0.4444444444444444
VQ-089,vq,89,MDISPRKLERIPIVRAKIRLSVTWGKRMAR,30,True,True,True,0.5238095238095238,True,0.6274510025978088,False,7,-0.37000000000000005,0.2859,0.805,0.7895,83.257,0.8645833333333334,0.80078125,0.896484375,0.80078125,0.7018229166666667,0.812890625,0.7440381659836065,0.4590163934426229,DESIGN_SPEC_ONLY_NOT_SYNTHESIS_VERIFIED,NOT_MEASURED,NOT_MEASURED,NOT_MEASURED,NOT_MEASURED,NOT_MEASURED,NOT_MEASURED,NOT_MEASURED,NOT_MEASURED,NOT_MEASURED,NOT_ASSESSED,UNAVAILABLE,3 species proxies; 0/20 matched strains; 0/8 MDR-specific oracles,True,0.4590163934426229
VQ-090,vq,90,MSVHIQLWVYTSNEWPYLSRYQEIYH,26,True,True,True,0.4782608695652174,True,0.5818182229995728,False,-1,-0.5076923076923077,0.524,0.9531,0.3379,51.89,0.8815104166666666,0.96875,0.837890625,0.76953125,0.6087239583333333,0.81328125,0.7435138081395348,0.4651162790697675,DESIGN_SPEC_ONLY_NOT_SYNTHESIS_VERIFIED,NOT_MEASURED,NOT_MEASURED,NOT_MEASURED,NOT_MEASURED,NOT_MEASURED,NOT_MEASURED,NOT_MEASURED,NOT_MEASURED,NOT_MEASURED,NOT_ASSESSED,UNAVAILABLE,3 species proxies; 0/20 matched strains; 0/8 MDR-specific oracles,True,0.4651162790697675
VQ-091,vq,91,PWTDRLCYLMRAPRRIHWNH,20,True,True,True,0.5405405405405406,True,0.529411792755127,False,3,-1.005,0.6815,0.7745,0.8,89.852,0.83984375,0.796875,0.861328125,0.796875,0.7109375,0.801171875,0.7423483455882353,0.3921568627450981,DESIGN_SPEC_ONLY_NOT_SYNTHESIS_VERIFIED,NOT_MEASURED,NOT_MEASURED,NOT_MEASURED,NOT_MEASURED,NOT_MEASURED,NOT_MEASURED,NOT_MEASURED,NOT_MEASURED,NOT_MEASURED,NOT_ASSESSED,UNAVAILABLE,3 species proxies; 0/20 matched strains; 0/8 MDR-specific oracles,True,0.43243243243243246
VQ-092,vq,92,MFSVIWSLLSCPLQSCLFLQIHTKRQDLDFNS,32,True,True,True,0.49056603773584906,True,0.59375,False,0,0.3593750000000001,0.3311,0.7624,0.5876,19.316,0.90234375,0.88671875,0.91015625,0.8828125,0.482421875,0.812890625,0.7417041843220339,0.47457627118644063,DESIGN_SPEC_ONLY_NOT_SYNTHESIS_VERIFIED,NOT_MEASURED,NOT_MEASURED,NOT_MEASURED,NOT_MEASURED,NOT_MEASURED,NOT_MEASURED,NOT_MEASURED,NOT_MEASURED,NOT_MEASURED,NOT_ASSESSED,UNAVAILABLE,3 species proxies; 0/20 matched strains; 0/8 MDR-specific oracles,True,0.47457627118644063
VQ-093,vq,93,QIADLLSFITAILLVICLSRPVFIERVKK,29,True,True,True,0.5106382978723405,True,0.6037735939025879,False,2,1.193103448275862,0.5162,0.6734,0.666,18.554,0.90234375,0.86328125,0.921875,0.86328125,0.48046875,0.80625,0.74125,0.43333333333333335,DESIGN_SPEC_ONLY_NOT_SYNTHESIS_VERIFIED,NOT_MEASURED,NOT_MEASURED,NOT_MEASURED,NOT_MEASURED,NOT_MEASURED,NOT_MEASURED,NOT_MEASURED,NOT_MEASURED,NOT_MEASURED,NOT_ASSESSED,UNAVAILABLE,3 species proxies; 0/20 matched strains; 0/8 MDR-specific oracles,True,0.4590163934426229
VQ-094,vq,94,TKNSSDPVANQNQIYNPKKPEIVKGSCDEMG,31,True,True,True,0.4363636363636364,True,0.5454545617103577,False,0,-1.1935483870967742,0.5451,0.74,0.8228,91.384,0.8515625,0.77734375,0.888671875,0.77734375,0.716796875,0.80234375,0.7384093237704918,0.42622950819672134,DESIGN_SPEC_ONLY_NOT_SYNTHESIS_VERIFIED,NOT_MEASURED,NOT_MEASURED,NOT_MEASURED,NOT_MEASURED,NOT_MEASURED,NOT_MEASURED,NOT_MEASURED,NOT_MEASURED,NOT_MEASURED,NOT_ASSESSED,UNAVAILABLE,3 species proxies; 0/20 matched strains; 0/8 MDR-specific oracles,True,0.42622950819672134
VQ-095,vq,95,GYQWHRSPLSYGLKLLAKLVNDYRLRHLKQ,30,True,True,True,0.5185185185185186,True,0.5573770403862,False,5,-0.7266666666666668,-0.1247,0.9538,0.782,85.497,0.8489583333333334,0.80078125,0.873046875,0.76953125,0.6998697916666667,0.7984375,0.7345030737704918,0.42622950819672134,DESIGN_SPEC_ONLY_NOT_SYNTHESIS_VERIFIED,NOT_MEASURED,NOT_MEASURED,NOT_MEASURED,NOT_MEASURED,NOT_MEASURED,NOT_MEASURED,NOT_MEASURED,NOT_MEASURED,NOT_MEASURED,NOT_ASSESSED,UNAVAILABLE,3 species proxies; 0/20 matched strains; 0/8 MDR-specific oracles,True,0.48275862068965514
VQ-096,vq,96,MVFATVYFSHLTFFGIPNSIYGTFFNYYFPFI,32,True,True,True,0.52,True,0.5416666865348816,False,0,0.8968750000000001,0.5494,0.748,0.5829,19.162,0.8880208333333334,0.890625,0.88671875,0.8828125,0.4733072916666667,0.804296875,0.7331104343220339,0.47457627118644063,DESIGN_SPEC_ONLY_NOT_SYNTHESIS_VERIFIED,NOT_MEASURED,NOT_MEASURED,NOT_MEASURED,NOT_MEASURED,NOT_MEASURED,NOT_MEASURED,NOT_MEASURED,NOT_MEASURED,NOT_MEASURED,NOT_ASSESSED,UNAVAILABLE,3 species proxies; 0/20 matched strains; 0/8 MDR-specific oracles,True,0.47457627118644063
VQ-097,vq,97,IEGKAKLNKRGQKGKEKYRQISQGKQNTKKSAGS,34,True,True,True,0.5555555555555556,True,0.5625,False,9,-1.8264705882352936,0.0882,0.7797,0.9261,99.419,0.8567708333333334,0.734375,0.91796875,0.734375,0.7350260416666667,0.795703125,0.7327998991935484,0.4193548387096774,DESIGN_SPEC_ONLY_NOT_SYNTHESIS_VERIFIED,NOT_MEASURED,NOT_MEASURED,NOT_MEASURED,NOT_MEASURED,NOT_MEASURED,NOT_MEASURED,NOT_MEASURED,NOT_MEASURED,NOT_MEASURED,NOT_ASSESSED,UNAVAILABLE,3 species proxies; 0/20 matched strains; 0/8 MDR-specific oracles,True,0.46875
VQ-098,vq,98,WMRVRIMRK,9,True,True,True,0.6666666666666667,True,0.7058823108673096,False,4,-0.6444444444444444,0.828,0.6986,0.866,255.724,0.8177083333333334,0.75,0.8515625,0.75,0.8990885416666667,0.813671875,0.7303385416666667,0.5555555555555556,DESIGN_SPEC_ONLY_NOT_SYNTHESIS_VERIFIED,NOT_MEASURED,NOT_MEASURED,NOT_MEASURED,NOT_MEASURED,NOT_MEASURED,NOT_MEASURED,NOT_MEASURED,NOT_MEASURED,NOT_MEASURED,NOT_ASSESSED,UNAVAILABLE,3 species proxies; 0/20 matched strains; 0/8 MDR-specific oracles,True,0.5555555555555556
VQ-099,vq,99,FRSIYSTILRFRYSVTLGYI,20,True,True,True,0.6,True,0.6111111044883728,False,3,0.465,0.6086,0.9593,0.5871,74.789,0.8424479166666666,0.88671875,0.8203125,0.765625,0.6712239583333333,0.797265625,0.729765625,0.44999999999999996,DESIGN_SPEC_ONLY_NOT_SYNTHESIS_VERIFIED,NOT_MEASURED,NOT_MEASURED,NOT_MEASURED,NOT_MEASURED,NOT_MEASURED,NOT_MEASURED,NOT_MEASURED,NOT_MEASURED,NOT_MEASURED,NOT_ASSESSED,UNAVAILABLE,3 species proxies; 0/20 matched strains; 0/8 MDR-specific oracles,True,0.44999999999999996
VQ-100,vq,100,MARLFLSRSIQKILRLQMQCIYPLGF,26,True,True,True,0.5405405405405406,True,0.604651153087616,False,4,0.5153846153846153,0.8557,0.5974,0.3655,29.253,0.890625,0.9609375,0.85546875,0.78125,0.513671875,0.800390625,0.7294815340909091,0.4727272727272728,DESIGN_SPEC_ONLY_NOT_SYNTHESIS_VERIFIED,NOT_MEASURED,NOT_MEASURED,NOT_MEASURED,NOT_MEASURED,NOT_MEASURED,NOT_MEASURED,NOT_MEASURED,NOT_MEASURED,NOT_MEASURED,NOT_ASSESSED,UNAVAILABLE,3 species proxies; 0/20 matched strains; 0/8 MDR-specific oracles,True,0.4782608695652174
DIMA-001,dima,1,ILEAQVPKAKMRKKKIKRVVKQRKIVKVEA,30,True,True,True,0.5555555555555556,True,0.5762711763381958,False,10,-0.6199999999999999,0.5162,-0.2351,0.2678,113.122,0.9700520833333334,0.98828125,0.9609375,0.921875,0.8209635416666667,0.932421875,0.932421875,0.0,DESIGN_SPEC_ONLY_NOT_SYNTHESIS_VERIFIED,NOT_MEASURED,NOT_MEASURED,NOT_MEASURED,NOT_MEASURED,NOT_MEASURED,NOT_MEASURED,NOT_MEASURED,NOT_MEASURED,NOT_MEASURED,NOT_ASSESSED,UNAVAILABLE,3 species proxies; 0/20 matched strains; 0/8 MDR-specific oracles,True,0.47457627118644063
DIMA-002,dima,2,KVFLGLTLGRGKGIINIRAHNGGKKKMSVK,30,True,True,True,0.5263157894736843,True,0.5517241358757019,False,8,-0.2233333333333333,0.1772,-0.0567,0.4418,97.405,0.9622395833333334,0.9453125,0.970703125,0.9453125,0.7877604166666667,0.922265625,0.8772656249999999,0.30000000000000004,DESIGN_SPEC_ONLY_NOT_SYNTHESIS_VERIFIED,NOT_MEASURED,NOT_MEASURED,NOT_MEASURED,NOT_MEASURED,NOT_MEASURED,NOT_MEASURED,NOT_MEASURED,NOT_MEASURED,NOT_MEASURED,NOT_ASSESSED,UNAVAILABLE,3 species proxies; 0/20 matched strains; 0/8 MDR-specific oracles,True,0.4363636363636364
DIMA-003,dima,3,MIKYHMDLASKTFRYKYKNMIKPNPKASLPKR,32,True,True,True,0.48,True,0.5423728823661804,False,8,-1.009375,0.016,0.2539,0.1891,71.925,0.9778645833333334,1.0,0.966796875,0.96484375,0.7311197916666667,0.928125,0.8748991935483871,0.3548387096774194,DESIGN_SPEC_ONLY_NOT_SYNTHESIS_VERIFIED,NOT_MEASURED,NOT_MEASURED,NOT_MEASURED,NOT_MEASURED,NOT_MEASURED,NOT_MEASURED,NOT_MEASURED,NOT_MEASURED,NOT_MEASURED,NOT_ASSESSED,UNAVAILABLE,3 species proxies; 0/20 matched strains; 0/8 MDR-specific oracles,True,0.4516129032258065
DIMA-004,dima,4,GRFTALRFCRFGCGVSQHPFRHFVSYARMTM,31,True,True,True,0.4782608695652174,True,0.5161290168762207,False,5,-0.029032258064516155,0.0758,0.0732,0.1036,50.937,0.9830729166666666,1.0,0.974609375,0.96484375,0.6555989583333333,0.915625,0.8713627049180328,0.29508196721311475,DESIGN_SPEC_ONLY_NOT_SYNTHESIS_VERIFIED,NOT_MEASURED,NOT_MEASURED,NOT_MEASURED,NOT_MEASURED,NOT_MEASURED,NOT_MEASURED,NOT_MEASURED,NOT_MEASURED,NOT_MEASURED,NOT_ASSESSED,UNAVAILABLE,3 species proxies; 0/20 matched strains; 0/8 MDR-specific oracles,True,0.4444444444444444
DIMA-005,dima,5,LGQRRRLLDYIKKKDKEKYRKLIKILGKLRK,31,True,True,True,0.5818181818181818,True,0.7741935849189758,False,11,-1.2483870967741935,-0.221,0.1593,0.4456,61.66,0.96875,0.9453125,0.98046875,0.9453125,0.69140625,0.90625,0.847233606557377,0.39344262295081966,DESIGN_SPEC_ONLY_NOT_SYNTHESIS_VERIFIED,NOT_MEASURED,NOT_MEASURED,NOT_MEASURED,NOT_MEASURED,NOT_MEASURED,NOT_MEASURED,NOT_MEASURED,NOT_MEASURED,NOT_MEASURED,NOT_ASSESSED,UNAVAILABLE,3 species proxies; 0/20 matched strains; 0/8 MDR-specific oracles,True,0.7333333333333334
DIMA-006,dima,6,CGTGDRLGLLCLRIRLDRMSLRVRLGDGYGM,31,True,True,True,0.5,True,0.5396825671195984,False,3,0.045161290322580656,0.5162,0.2533,0.5288,80.805,0.9348958333333334,0.91796875,0.943359375,0.91796875,0.7330729166666667,0.889453125,0.8402727971311474,0.3278688524590164,DESIGN_SPEC_ONLY_NOT_SYNTHESIS_VERIFIED,NOT_MEASURED,NOT_MEASURED,NOT_MEASURED,NOT_MEASURED,NOT_MEASURED,NOT_MEASURED,NOT_MEASURED,NOT_MEASURED,NOT_MEASURED,NOT_ASSESSED,UNAVAILABLE,3 species proxies; 0/20 matched strains; 0/8 MDR-specific oracles,True,0.42622950819672134
DIMA-007,dima,7,MSARTIDRIAYLLMKGCKIKYKCYSAPVKAKI,32,True,True,True,0.5,True,0.5423728823661804,False,7,0.05312499999999995,0.0013,0.443,0.4446,63.002,0.9557291666666666,0.9453125,0.9609375,0.9453125,0.6868489583333333,0.898828125,0.837890625,0.40625,DESIGN_SPEC_ONLY_NOT_SYNTHESIS_VERIFIED,NOT_MEASURED,NOT_MEASURED,NOT_MEASURED,NOT_MEASURED,NOT_MEASURED,NOT_MEASURED,NOT_MEASURED,NOT_MEASURED,NOT_MEASURED,NOT_ASSESSED,UNAVAILABLE,3 species proxies; 0/20 matched strains; 0/8 MDR-specific oracles,True,0.49122807017543857
DIMA-008,dima,8,MKIEKKFIKTFPIKLNLIVIWKITRLNF,28,True,True,True,0.5833333333333333,True,0.5964912176132202,False,6,0.3785714285714286,-0.5133,0.0782,0.1641,18.144,0.9908854166666666,1.0,0.986328125,0.984375,0.5227864583333333,0.896875,0.836875,0.4,DESIGN_SPEC_ONLY_NOT_SYNTHESIS_VERIFIED,NOT_MEASURED,NOT_MEASURED,NOT_MEASURED,NOT_MEASURED,NOT_MEASURED,NOT_MEASURED,NOT_MEASURED,NOT_MEASURED,NOT_MEASURED,NOT_ASSESSED,UNAVAILABLE,3 species proxies; 0/20 matched strains; 0/8 MDR-specific oracles,True,0.5
DIMA-009,dima,9,LFLKRGLKHFRKFVKYVKLVCMAPAAINMLK,31,True,True,True,0.5555555555555556,True,0.5666666626930237,False,8,0.4451612903225807,-0.0303,0.0058,0.1571,19.621,0.9856770833333334,1.0,0.978515625,0.96875,0.5240885416666667,0.89140625,0.829501488095238,0.4126984126984127,DESIGN_SPEC_ONLY_NOT_SYNTHESIS_VERIFIED,NOT_MEASURED,NOT_MEASURED,NOT_MEASURED,NOT_MEASURED,NOT_MEASURED,NOT_MEASURED,NOT_MEASURED,NOT_MEASURED,NOT_MEASURED,NOT_ASSESSED,UNAVAILABLE,3 species proxies; 0/20 matched strains; 0/8 MDR-specific oracles,True,0.5084745762711864
DIMA-010,dima,10,FILDSFFRFIRVFLLSRKRRRQ,22,True,True,True,0.5714285714285714,True,0.585365891456604,False,6,-0.040909090909090846,0.0136,0.3359,0.3383,24.354,0.9661458333333334,0.96875,0.96484375,0.9609375,0.5260416666666667,0.87734375,0.8264003537735849,0.339622641509434,DESIGN_SPEC_ONLY_NOT_SYNTHESIS_VERIFIED,NOT_MEASURED,NOT_MEASURED,NOT_MEASURED,NOT_MEASURED,NOT_MEASURED,NOT_MEASURED,NOT_MEASURED,NOT_MEASURED,NOT_MEASURED,NOT_ASSESSED,UNAVAILABLE,3 species proxies; 0/20 matched strains; 0/8 MDR-specific oracles,True,0.46153846153846156
DIMA-011,dima,11,MGKTVIFKEEMKQYKRFFFGCVKSAQKRRS,30,True,True,True,0.49056603773584906,True,0.5762711763381958,False,7,-0.77,-0.0836,0.306,0.4085,39.613,0.9622395833333334,0.94921875,0.96875,0.94921875,0.5963541666666667,0.88515625,0.826139856557377,0.39344262295081966,DESIGN_SPEC_ONLY_NOT_SYNTHESIS_VERIFIED,NOT_MEASURED,NOT_MEASURED,NOT_MEASURED,NOT_MEASURED,NOT_MEASURED,NOT_MEASURED,NOT_MEASURED,NOT_MEASURED,NOT_MEASURED,NOT_ASSESSED,UNAVAILABLE,3 species proxies; 0/20 matched strains; 0/8 MDR-specific oracles,True,0.44067796610169496
DIMA-012,dima,12,GCIVELVSKLGTVVKKILKIKKAK,24,True,True,True,0.65,True,0.6274510025978088,False,6,0.5375,0.4856,0.1753,0.4922,58.074,0.9479166666666666,0.9375,0.953125,0.9296875,0.6595052083333333,0.885546875,0.8212611607142857,0.4285714285714286,DESIGN_SPEC_ONLY_NOT_SYNTHESIS_VERIFIED,NOT_MEASURED,NOT_MEASURED,NOT_MEASURED,NOT_MEASURED,NOT_MEASURED,NOT_MEASURED,NOT_MEASURED,NOT_MEASURED,NOT_MEASURED,NOT_ASSESSED,UNAVAILABLE,3 species proxies; 0/20 matched strains; 0/8 MDR-specific oracles,True,0.4897959183673469
DIMA-013,dima,13,NRMKLDDITARERQELQKLMKRIVAALIR,29,True,True,True,0.5581395348837209,True,0.5777778029441833,False,4,-0.5965517241379307,0.5162,0.5762,0.5815,98.627,0.9153645833333334,0.890625,0.927734375,0.890625,0.7643229166666667,0.877734375,0.8177343749999999,0.4,DESIGN_SPEC_ONLY_NOT_SYNTHESIS_VERIFIED,NOT_MEASURED,NOT_MEASURED,NOT_MEASURED,NOT_MEASURED,NOT_MEASURED,NOT_MEASURED,NOT_MEASURED,NOT_MEASURED,NOT_MEASURED,NOT_ASSESSED,UNAVAILABLE,3 species proxies; 0/20 matched strains; 0/8 MDR-specific oracles,True,0.47457627118644063
DIMA-014,dima,14,MELMEEIKDWALKLLIPRDLTIQFRLLTARRR,32,True,True,True,0.5,True,0.5614035129547119,False,2,-0.15312500000000007,0.1444,0.5416,0.2999,26.314,0.9596354166666666,0.984375,0.947265625,0.9375,0.5266927083333333,0.87109375,0.8155381944444444,0.37037037037037035,DESIGN_SPEC_ONLY_NOT_SYNTHESIS_VERIFIED,NOT_MEASURED,NOT_MEASURED,NOT_MEASURED,NOT_MEASURED,NOT_MEASURED,NOT_MEASURED,NOT_MEASURED,NOT_MEASURED,NOT_MEASURED,NOT_ASSESSED,UNAVAILABLE,3 species proxies; 0/20 matched strains; 0/8 MDR-specific oracles,True,0.5079365079365079
DIMA-015,dima,15,VTCFGYQVLSLFRHRVSRYTSLHVEILRKYNC,32,True,True,True,0.5,True,0.5614035129547119,False,4,0.006250000000000061,0.1246,0.7047,0.2431,39.173,0.9557291666666666,0.99609375,0.935546875,0.91015625,0.5891927083333333,0.87734375,0.8154389880952381,0.4126984126984127,DESIGN_SPEC_ONLY_NOT_SYNTHESIS_VERIFIED,NOT_MEASURED,NOT_MEASURED,NOT_MEASURED,NOT_MEASURED,NOT_MEASURED,NOT_MEASURED,NOT_MEASURED,NOT_MEASURED,NOT_MEASURED,NOT_ASSESSED,UNAVAILABLE,3 species proxies; 0/20 matched strains; 0/8 MDR-specific oracles,True,0.4444444444444444
DIMA-016,dima,16,VFVVTVMIITFFAGIALTFRASKKS,25,True,True,True,0.5945945945945945,True,0.5882352590560913,False,3,1.4479999999999995,0.0057,-0.2182,0.3975,18.308,0.97265625,0.94921875,0.984375,0.94921875,0.513671875,0.873828125,0.8138281249999999,0.4,DESIGN_SPEC_ONLY_NOT_SYNTHESIS_VERIFIED,NOT_MEASURED,NOT_MEASURED,NOT_MEASURED,NOT_MEASURED,NOT_MEASURED,NOT_MEASURED,NOT_MEASURED,NOT_MEASURED,NOT_MEASURED,NOT_ASSESSED,UNAVAILABLE,3 species proxies; 0/20 matched strains; 0/8 MDR-specific oracles,True,0.42553191489361697
DIMA-017,dima,17,VGIGRVTFCRTESDSGVWVTWVGSISLLRYK,31,True,True,True,0.5,True,0.5396825671195984,False,2,0.2741935483870967,0.5162,0.5748,0.3912,49.223,0.9361979166666666,0.953125,0.927734375,0.921875,0.6282552083333333,0.8734375,0.8134375,0.4,DESIGN_SPEC_ONLY_NOT_SYNTHESIS_VERIFIED,NOT_MEASURED,NOT_MEASURED,NOT_MEASURED,NOT_MEASURED,NOT_MEASURED,NOT_MEASURED,NOT_MEASURED,NOT_MEASURED,NOT_MEASURED,NOT_ASSESSED,UNAVAILABLE,3 species proxies; 0/20 matched strains; 0/8 MDR-specific oracles,True,0.4642857142857143
DIMA-018,dima,18,WLYLVYRWIRGSGIYATLLLMILWLWGI,28,True,True,True,0.5,True,0.5925925970077515,False,2,1.1892857142857145,0.1938,0.6825,0.2074,19.104,0.9544270833333334,1.0,0.931640625,0.9140625,0.5065104166666667,0.861328125,0.8104806673728814,0.3389830508474576,DESIGN_SPEC_ONLY_NOT_SYNTHESIS_VERIFIED,NOT_MEASURED,NOT_MEASURED,NOT_MEASURED,NOT_MEASURED,NOT_MEASURED,NOT_MEASURED,NOT_MEASURED,NOT_MEASURED,NOT_MEASURED,NOT_ASSESSED,UNAVAILABLE,3 species proxies; 0/20 matched strains; 0/8 MDR-specific oracles,True,0.4528301886792453
DIMA-019,dima,19,LIFLFDKVLNRYILRCQLINMWRKKKKLS,29,True,True,True,0.5652173913043479,True,0.5614035129547119,False,7,0.017241379310344973,-0.3644,0.133,0.4659,25.009,0.9700520833333334,0.9453125,0.982421875,0.9453125,0.5299479166666667,0.874609375,0.809609375,0.43333333333333335,DESIGN_SPEC_ONLY_NOT_SYNTHESIS_VERIFIED,NOT_MEASURED,NOT_MEASURED,NOT_MEASURED,NOT_MEASURED,NOT_MEASURED,NOT_MEASURED,NOT_MEASURED,NOT_MEASURED,NOT_MEASURED,NOT_ASSESSED,UNAVAILABLE,3 species proxies; 0/20 matched strains; 0/8 MDR-specific oracles,True,0.5306122448979591
DIMA-020,dima,20,KRYVITRLKAHFYPGEVVFVTGLYQYLLTI,30,True,True,True,0.4897959183673469,True,0.5423728823661804,False,3,0.38999999999999996,0.5125,0.4435,0.436,35.562,0.9401041666666666,0.9453125,0.9375,0.921875,0.5598958333333333,0.8609375,0.8068391393442623,0.360655737704918,DESIGN_SPEC_ONLY_NOT_SYNTHESIS_VERIFIED,NOT_MEASURED,NOT_MEASURED,NOT_MEASURED,NOT_MEASURED,NOT_MEASURED,NOT_MEASURED,NOT_MEASURED,NOT_MEASURED,NOT_MEASURED,NOT_ASSESSED,UNAVAILABLE,3 species proxies; 0/20 matched strains; 0/8 MDR-specific oracles,True,0.4516129032258065
DIMA-021,dima,21,ARCLILEVPSLSKRSFSVLIKKVLRLFVSA,30,True,True,True,0.5531914893617021,True,0.5818182229995728,False,5,0.8666666666666666,-0.7167,0.6773,0.324,28.111,0.9622395833333334,0.97265625,0.95703125,0.921875,0.5416666666666667,0.87109375,0.8044270833333333,0.4444444444444444,DESIGN_SPEC_ONLY_NOT_SYNTHESIS_VERIFIED,NOT_MEASURED,NOT_MEASURED,NOT_MEASURED,NOT_MEASURED,NOT_MEASURED,NOT_MEASURED,NOT_MEASURED,NOT_MEASURED,NOT_MEASURED,NOT_ASSESSED,UNAVAILABLE,3 species proxies; 0/20 matched strains; 0/8 MDR-specific oracles,True,0.48275862068965514
DIMA-022,dima,22,MIAILILLAGSILFGIFYVIKKRCHDKPEKKH,32,True,True,True,0.5185185185185186,True,0.6206896305084229,False,4,0.5656250000000002,-0.1996,0.1707,0.3846,7.378,0.9713541666666666,0.953125,0.98046875,0.953125,0.4876302083333333,0.869140625,0.803515625,0.4375,DESIGN_SPEC_ONLY_NOT_SYNTHESIS_VERIFIED,NOT_MEASURED,NOT_MEASURED,NOT_MEASURED,NOT_MEASURED,NOT_MEASURED,NOT_MEASURED,NOT_MEASURED,NOT_MEASURED,NOT_MEASURED,NOT_ASSESSED,UNAVAILABLE,3 species proxies; 0/20 matched strains; 0/8 MDR-specific oracles,True,0.4918032786885246
DIMA-023,dima,23,MSKYDAKLEKKSIREGLRILEKIAAKIVKY,30,True,True,True,0.5490196078431373,True,0.6129032373428345,False,5,-0.4666666666666665,0.1978,0.5944,0.5889,85.294,0.921875,0.88671875,0.939453125,0.88671875,0.736328125,0.87421875,0.803032309322034,0.47457627118644063,DESIGN_SPEC_ONLY_NOT_SYNTHESIS_VERIFIED,NOT_MEASURED,NOT_MEASURED,NOT_MEASURED,NOT_MEASURED,NOT_MEASURED,NOT_MEASURED,NOT_MEASURED,NOT_MEASURED,NOT_MEASURED,NOT_ASSESSED,UNAVAILABLE,3 species proxies; 0/20 matched strains; 0/8 MDR-specific oracles,True,0.47457627118644063
DIMA-024,dima,24,VMGKRRRLLGYLKKKDIKRYKKLIKRLGLK,30,True,True,True,0.6,True,0.7666666507720947,False,13,-0.8999999999999998,0.0219,0.1004,0.3519,49.615,0.9700520833333334,0.9609375,0.974609375,0.9609375,0.6451822916666667,0.90234375,0.7990650614754098,0.6885245901639344,DESIGN_SPEC_ONLY_NOT_SYNTHESIS_VERIFIED,NOT_MEASURED,NOT_MEASURED,NOT_MEASURED,NOT_MEASURED,NOT_MEASURED,NOT_MEASURED,NOT_MEASURED,NOT_MEASURED,NOT_MEASURED,NOT_ASSESSED,UNAVAILABLE,3 species proxies; 0/20 matched strains; 0/8 MDR-specific oracles,True,0.8524590163934427
DIMA-025,dima,25,IDEEIYQLVKPLKIVHYRKLCKVGLDEIL,29,True,True,True,0.5116279069767442,True,0.5555555820465088,False,0,0.11034482758620691,0.4457,0.6821,0.2975,32.453,0.9440104166666666,0.984375,0.923828125,0.9140625,0.5540364583333333,0.8640625,0.7979608050847458,0.44067796610169496,DESIGN_SPEC_ONLY_NOT_SYNTHESIS_VERIFIED,NOT_MEASURED,NOT_MEASURED,NOT_MEASURED,NOT_MEASURED,NOT_MEASURED,NOT_MEASURED,NOT_MEASURED,NOT_MEASURED,NOT_MEASURED,NOT_ASSESSED,UNAVAILABLE,3 species proxies; 0/20 matched strains; 0/8 MDR-specific oracles,True,0.4814814814814815
DIMA-026,dima,26,MHYEIPFKLLRKTKMLVQLRSKISKYIAKIA,31,True,True,True,0.5357142857142857,True,0.5666666626930237,False,7,-0.04838709677419357,-0.0468,0.7086,0.4699,40.725,0.94140625,0.9453125,0.939453125,0.91015625,0.591796875,0.865625,0.7967725409836065,0.4590163934426229,DESIGN_SPEC_ONLY_NOT_SYNTHESIS_VERIFIED,NOT_MEASURED,NOT_MEASURED,NOT_MEASURED,NOT_MEASURED,NOT_MEASURED,NOT_MEASURED,NOT_MEASURED,NOT_MEASURED,NOT_MEASURED,NOT_ASSESSED,UNAVAILABLE,3 species proxies; 0/20 matched strains; 0/8 MDR-specific oracles,True,0.47058823529411764
DIMA-027,dima,27,LITVGLSVLLFLIAMVCKLWNKRLLSEKPAAA,32,True,True,True,0.5217391304347826,True,0.5714285373687744,False,3,1.1874999999999996,0.5256,-0.2705,0.2691,21.183,0.9635416666666666,0.98828125,0.951171875,0.90234375,0.5169270833333333,0.864453125,0.7967111895161291,0.4516129032258065,DESIGN_SPEC_ONLY_NOT_SYNTHESIS_VERIFIED,NOT_MEASURED,NOT_MEASURED,NOT_MEASURED,NOT_MEASURED,NOT_MEASURED,NOT_MEASURED,NOT_MEASURED,NOT_MEASURED,NOT_MEASURED,NOT_ASSESSED,UNAVAILABLE,3 species proxies; 0/20 matched strains; 0/8 MDR-specific oracles,True,0.4528301886792453
DIMA-028,dima,28,YAALRKWLGVIKRVRGIYRLTGEIC,25,True,True,True,0.5405405405405406,True,0.5925925970077515,False,5,0.1879999999999999,0.3953,0.3077,0.5617,52.433,0.93359375,0.90234375,0.94921875,0.90234375,0.634765625,0.864453125,0.7965285966981133,0.4528301886792453,DESIGN_SPEC_ONLY_NOT_SYNTHESIS_VERIFIED,NOT_MEASURED,NOT_MEASURED,NOT_MEASURED,NOT_MEASURED,NOT_MEASURED,NOT_MEASURED,NOT_MEASURED,NOT_MEASURED,NOT_MEASURED,NOT_ASSESSED,UNAVAILABLE,3 species proxies; 0/20 matched strains; 0/8 MDR-specific oracles,True,0.5098039215686274
DIMA-029,dima,29,MRILASEKADFFASSLFTILKNGKRSAILKK,31,True,True,True,0.5416666666666667,True,0.615384578704834,False,5,0.09354838709677417,0.437,0.4189,0.354,25.932,0.9518229166666666,0.9609375,0.947265625,0.9375,0.5208333333333333,0.863671875,0.7948194159836065,0.4590163934426229,DESIGN_SPEC_ONLY_NOT_SYNTHESIS_VERIFIED,NOT_MEASURED,NOT_MEASURED,NOT_MEASURED,NOT_MEASURED,NOT_MEASURED,NOT_MEASURED,NOT_MEASURED,NOT_MEASURED,NOT_MEASURED,NOT_ASSESSED,UNAVAILABLE,3 species proxies; 0/20 matched strains; 0/8 MDR-specific oracles,True,0.4666666666666667
DIMA-030,dima,30,ESITDMFKKYNAMGIKSPKMFKFLASKISI,30,True,True,True,0.5,True,0.5423728823661804,False,4,-0.05333333333333341,0.6233,0.516,0.5107,72.524,0.9108072916666666,0.921875,0.9052734375,0.869140625,0.6975911458333333,0.8609375,0.793195564516129,0.4516129032258065,DESIGN_SPEC_ONLY_NOT_SYNTHESIS_VERIFIED,NOT_MEASURED,NOT_MEASURED,NOT_MEASURED,NOT_MEASURED,NOT_MEASURED,NOT_MEASURED,NOT_MEASURED,NOT_MEASURED,NOT_MEASURED,NOT_ASSESSED,UNAVAILABLE,3 species proxies; 0/20 matched strains; 0/8 MDR-specific oracles,True,0.4516129032258065
DIMA-031,dima,31,SGIRRRLMFHVRRMVRNLMERWIEIVMFRVPT,32,True,True,True,0.5283018867924528,True,0.5573770403862,False,6,-0.09374999999999994,-0.7001,0.8023,0.3886,33.874,0.9348958333333334,0.953125,0.92578125,0.859375,0.5533854166666667,0.8453125,0.7929315476190476,0.3492063492063492,DESIGN_SPEC_ONLY_NOT_SYNTHESIS_VERIFIED,NOT_MEASURED,NOT_MEASURED,NOT_MEASURED,NOT_MEASURED,NOT_MEASURED,NOT_MEASURED,NOT_MEASURED,NOT_MEASURED,NOT_MEASURED,NOT_ASSESSED,UNAVAILABLE,3 species proxies; 0/20 matched strains; 0/8 MDR-specific oracles,True,0.44067796610169496
DIMA-032,dima,32,MFTVRFFSFFLLLAFSVLYFVKPLFVTKAVL,31,True,True,True,0.5,True,0.5901639461517334,False,3,1.725806451612903,0.294,0.6289,0.3069,11.874,0.94921875,0.98046875,0.93359375,0.9296875,0.486328125,0.855859375,0.7919249487704918,0.42622950819672134,DESIGN_SPEC_ONLY_NOT_SYNTHESIS_VERIFIED,NOT_MEASURED,NOT_MEASURED,NOT_MEASURED,NOT_MEASURED,NOT_MEASURED,NOT_MEASURED,NOT_MEASURED,NOT_MEASURED,NOT_MEASURED,NOT_ASSESSED,UNAVAILABLE,3 species proxies; 0/20 matched strains; 0/8 MDR-specific oracles,True,0.48275862068965514
DIMA-033,dima,33,IVSMKMGRSIIIGMVPPEKAREVYHRLRREKK,32,True,True,True,0.4782608695652174,True,0.5230769515037537,False,6,-0.5250000000000001,0.5287,0.2474,0.5275,36.009,0.9296875,0.921875,0.93359375,0.90234375,0.556640625,0.848828125,0.7907636088709677,0.3870967741935484,DESIGN_SPEC_ONLY_NOT_SYNTHESIS_VERIFIED,NOT_MEASURED,NOT_MEASURED,NOT_MEASURED,NOT_MEASURED,NOT_MEASURED,NOT_MEASURED,NOT_MEASURED,NOT_MEASURED,NOT_MEASURED,NOT_ASSESSED,UNAVAILABLE,3 species proxies; 0/20 matched strains; 0/8 MDR-specific oracles,True,0.4363636363636364
DIMA-034,dima,34,LSVPRLYSLYQIESKHIFRYKLIWIKRKL,29,True,True,True,0.5384615384615384,True,0.5660377740859985,False,6,-0.1413793103448276,0.3795,-0.2558,0.4212,26.889,0.9622395833333334,0.94921875,0.96875,0.9375,0.5338541666666667,0.8703125,0.7903125000000001,0.5333333333333333,DESIGN_SPEC_ONLY_NOT_SYNTHESIS_VERIFIED,NOT_MEASURED,NOT_MEASURED,NOT_MEASURED,NOT_MEASURED,NOT_MEASURED,NOT_MEASURED,NOT_MEASURED,NOT_MEASURED,NOT_MEASURED,NOT_ASSESSED,UNAVAILABLE,3 species proxies; 0/20 matched strains; 0/8 MDR-specific oracles,True,0.5333333333333333
DIMA-035,dima,35,MSGLITINLSYYFFYISVIKKELKKSILTY,30,True,True,True,0.5217391304347826,True,0.5818182229995728,False,3,0.5533333333333333,-0.9533,0.7143,0.2644,13.785,0.96484375,0.98828125,0.953125,0.90625,0.498046875,0.862109375,0.7895287298387096,0.4838709677419355,DESIGN_SPEC_ONLY_NOT_SYNTHESIS_VERIFIED,NOT_MEASURED,NOT_MEASURED,NOT_MEASURED,NOT_MEASURED,NOT_MEASURED,NOT_MEASURED,NOT_MEASURED,NOT_MEASURED,NOT_MEASURED,NOT_ASSESSED,UNAVAILABLE,3 species proxies; 0/20 matched strains; 0/8 MDR-specific oracles,True,0.4918032786885246
DIMA-036,dima,36,VIRLVTPIKKAVITRKVKIIKKRLLPFFK,29,True,True,True,0.5714285714285714,True,0.5833333134651184,False,10,0.4379310344827588,0.5162,0.0625,0.3118,18.245,0.9609375,0.9765625,0.953125,0.921875,0.5078125,0.8640625,0.787791313559322,0.5084745762711864,DESIGN_SPEC_ONLY_NOT_SYNTHESIS_VERIFIED,NOT_MEASURED,NOT_MEASURED,NOT_MEASURED,NOT_MEASURED,NOT_MEASURED,NOT_MEASURED,NOT_MEASURED,NOT_MEASURED,NOT_MEASURED,NOT_ASSESSED,UNAVAILABLE,3 species proxies; 0/20 matched strains; 0/8 MDR-specific oracles,True,0.5084745762711864
DIMA-037,dima,37,LLRKIVRMLVKKMRKKAKKL,20,True,True,True,0.6486486486486487,True,0.6111111044883728,False,10,-0.35500000000000004,0.5163,0.248,0.4613,37.287,0.9440104166666666,0.9453125,0.943359375,0.921875,0.5735677083333333,0.865625,0.7860331632653061,0.5306122448979591,DESIGN_SPEC_ONLY_NOT_SYNTHESIS_VERIFIED,NOT_MEASURED,NOT_MEASURED,NOT_MEASURED,NOT_MEASURED,NOT_MEASURED,NOT_MEASURED,NOT_MEASURED,NOT_MEASURED,NOT_MEASURED,NOT_ASSESSED,UNAVAILABLE,3 species proxies; 0/20 matched strains; 0/8 MDR-specific oracles,True,0.5333333333333333
DIMA-038,dima,38,MIFVFFKYKNFETLSIKFWELMLSFSMEKH,30,True,True,True,0.509090909090909,True,0.5490196347236633,False,1,0.29999999999999977,0.522,0.7659,0.2037,27.556,0.9296875,1.0,0.89453125,0.8828125,0.521484375,0.845703125,0.785703125,0.4,DESIGN_SPEC_ONLY_NOT_SYNTHESIS_VERIFIED,NOT_MEASURED,NOT_MEASURED,NOT_MEASURED,NOT_MEASURED,NOT_MEASURED,NOT_MEASURED,NOT_MEASURED,NOT_MEASURED,NOT_MEASURED,NOT_ASSESSED,UNAVAILABLE,3 species proxies; 0/20 matched strains; 0/8 MDR-specific oracles,True,0.47457627118644063
DIMA-039,dima,39,VLFSFQHIYFFGLLTSGSAQGKASIVSALMHVC,33,True,True,True,0.5185185185185186,True,0.535714328289032,False,1,1.0090909090909093,0.5445,0.715,0.1334,25.163,0.9322916666666666,1.0,0.8984375,0.890625,0.5110677083333333,0.846484375,0.785546875,0.40625,DESIGN_SPEC_ONLY_NOT_SYNTHESIS_VERIFIED,NOT_MEASURED,NOT_MEASURED,NOT_MEASURED,NOT_MEASURED,NOT_MEASURED,NOT_MEASURED,NOT_MEASURED,NOT_MEASURED,NOT_MEASURED,NOT_ASSESSED,UNAVAILABLE,3 species proxies; 0/20 matched strains; 0/8 MDR-specific oracles,True,0.4918032786885246
DIMA-040,dima,40,SKIRAIGYTNMKGYRSTFVELKQIFTKTEA,30,True,True,True,0.5306122448979591,True,0.5483871102333069,False,4,-0.4600000000000001,-0.1358,-0.443,0.7732,75.569,0.9270833333333334,0.8046875,0.98828125,0.8046875,0.7154947916666667,0.848046875,0.7851436491935484,0.4193548387096774,DESIGN_SPEC_ONLY_NOT_SYNTHESIS_VERIFIED,NOT_MEASURED,NOT_MEASURED,NOT_MEASURED,NOT_MEASURED,NOT_MEASURED,NOT_MEASURED,NOT_MEASURED,NOT_MEASURED,NOT_MEASURED,NOT_ASSESSED,UNAVAILABLE,3 species proxies; 0/20 matched strains; 0/8 MDR-specific oracles,True,0.4193548387096774
DIMA-041,dima,41,IFDLDCVYQCPGKCLKCLKNQVKCTGLYCSLLCVCVILM,39,True,True,True,0.4666666666666667,True,0.52173912525177,False,2,0.9615384615384613,0.6831,0.6779,0.2979,52.44,0.9166666666666666,0.984375,0.8828125,0.84375,0.6263020833333333,0.85078125,0.7846047794117648,0.4411764705882353,DESIGN_SPEC_ONLY_NOT_SYNTHESIS_VERIFIED,NOT_MEASURED,NOT_MEASURED,NOT_MEASURED,NOT_MEASURED,NOT_MEASURED,NOT_MEASURED,NOT_MEASURED,NOT_MEASURED,NOT_MEASURED,NOT_ASSESSED,UNAVAILABLE,3 species proxies; 0/20 matched strains; 0/8 MDR-specific oracles,True,0.4411764705882353
DIMA-042,dima,42,VKLVVKIAKIFVRVKLPSRAAF,22,True,True,True,0.5714285714285714,True,0.604651153087616,False,6,0.9818181818181819,0.5162,0.5238,0.5593,50.944,0.9205729166666666,0.90234375,0.9296875,0.90234375,0.6243489583333333,0.855859375,0.7841202445652173,0.4782608695652174,DESIGN_SPEC_ONLY_NOT_SYNTHESIS_VERIFIED,NOT_MEASURED,NOT_MEASURED,NOT_MEASURED,NOT_MEASURED,NOT_MEASURED,NOT_MEASURED,NOT_MEASURED,NOT_MEASURED,NOT_MEASURED,NOT_ASSESSED,UNAVAILABLE,3 species proxies; 0/20 matched strains; 0/8 MDR-specific oracles,True,0.5
DIMA-043,dima,43,MGKSAVDEYRKLIEKIKKLGVITDSAGIS,29,True,True,True,0.5416666666666667,True,0.5818182229995728,False,2,-0.14137931034482756,0.7867,-0.667,0.546,83.354,0.90625,0.9140625,0.90234375,0.8046875,0.72265625,0.85,0.7838983050847458,0.44067796610169496,DESIGN_SPEC_ONLY_NOT_SYNTHESIS_VERIFIED,NOT_MEASURED,NOT_MEASURED,NOT_MEASURED,NOT_MEASURED,NOT_MEASURED,NOT_MEASURED,NOT_MEASURED,NOT_MEASURED,NOT_MEASURED,NOT_ASSESSED,UNAVAILABLE,3 species proxies; 0/20 matched strains; 0/8 MDR-specific oracles,True,0.4482758620689655
DIMA-044,dima,44,AALLMVLTLVNLPYTLIDRLVGILVDRLKA,30,True,True,True,0.5490196078431373,True,0.6296296119689941,False,1,1.3066666666666669,0.5516,0.6764,0.3307,35.806,0.9270833333333334,0.96875,0.90625,0.890625,0.5533854166666667,0.84921875,0.7837642045454546,0.4363636363636364,DESIGN_SPEC_ONLY_NOT_SYNTHESIS_VERIFIED,NOT_MEASURED,NOT_MEASURED,NOT_MEASURED,NOT_MEASURED,NOT_MEASURED,NOT_MEASURED,NOT_MEASURED,NOT_MEASURED,NOT_MEASURED,NOT_ASSESSED,UNAVAILABLE,3 species proxies; 0/20 matched strains; 0/8 MDR-specific oracles,True,0.5
DIMA-045,dima,45,IVLCVLILYRLINIIASIPRPESSLTK,27,True,True,True,0.5106382978723405,True,0.5833333134651184,False,2,1.1555555555555554,-0.1315,0.191,0.5556,14.722,0.9518229166666666,0.90625,0.974609375,0.90625,0.4954427083333333,0.846875,0.7825892857142858,0.4285714285714286,DESIGN_SPEC_ONLY_NOT_SYNTHESIS_VERIFIED,NOT_MEASURED,NOT_MEASURED,NOT_MEASURED,NOT_MEASURED,NOT_MEASURED,NOT_MEASURED,NOT_MEASURED,NOT_MEASURED,NOT_MEASURED,NOT_ASSESSED,UNAVAILABLE,3 species proxies; 0/20 matched strains; 0/8 MDR-specific oracles,True,0.46153846153846156
DIMA-046,dima,46,LLGKRRNLLKYLKKKDVERYKTLIESLGRK,30,True,True,True,0.56,True,0.7666666507720947,False,8,-0.9633333333333333,0.5859,0.5301,0.2506,68.172,0.9348958333333334,0.9921875,0.90625,0.875,0.7018229166666667,0.88203125,0.7820312500000001,0.6666666666666667,DESIGN_SPEC_ONLY_NOT_SYNTHESIS_VERIFIED,NOT_MEASURED,NOT_MEASURED,NOT_MEASURED,NOT_MEASURED,NOT_MEASURED,NOT_MEASURED,NOT_MEASURED,NOT_MEASURED,NOT_MEASURED,NOT_ASSESSED,UNAVAILABLE,3 species proxies; 0/20 matched strains; 0/8 MDR-specific oracles,True,0.7457627118644068
DIMA-047,dima,47,AICRCGRFVVAWIKKYIYARAGIKSVTGART,31,True,True,True,0.5490196078431373,True,0.5666666626930237,False,7,0.3483870967741935,0.5059,0.7661,0.3789,30.137,0.9205729166666666,0.95703125,0.90234375,0.8828125,0.5286458333333333,0.83828125,0.779264856557377,0.39344262295081966,DESIGN_SPEC_ONLY_NOT_SYNTHESIS_VERIFIED,NOT_MEASURED,NOT_MEASURED,NOT_MEASURED,NOT_MEASURED,NOT_MEASURED,NOT_MEASURED,NOT_MEASURED,NOT_MEASURED,NOT_MEASURED,NOT_ASSESSED,UNAVAILABLE,3 species proxies; 0/20 matched strains; 0/8 MDR-specific oracles,True,0.4590163934426229
DIMA-048,dima,48,MINTARRLFIILGIVSLNLRSTVVFAAVFHW,31,True,True,True,0.5098039215686274,True,0.5806452035903931,False,3,1.2161290322580645,0.5162,0.4842,0.3999,16.165,0.9401041666666666,0.94921875,0.935546875,0.921875,0.4934895833333333,0.848046875,0.7791944159836065,0.4590163934426229,DESIGN_SPEC_ONLY_NOT_SYNTHESIS_VERIFIED,NOT_MEASURED,NOT_MEASURED,NOT_MEASURED,NOT_MEASURED,NOT_MEASURED,NOT_MEASURED,NOT_MEASURED,NOT_MEASURED,NOT_MEASURED,NOT_ASSESSED,UNAVAILABLE,3 species proxies; 0/20 matched strains; 0/8 MDR-specific oracles,True,0.4590163934426229
DIMA-049,dima,49,SLLRLLAVGVSGLIRTVLHSARGHVAHFR,29,True,True,True,0.5306122448979591,True,0.6181818246841431,False,4,0.7034482758620692,0.0445,0.8101,0.4059,42.095,0.921875,0.94921875,0.908203125,0.8515625,0.583984375,0.84296875,0.7779687500000001,0.43333333333333335,DESIGN_SPEC_ONLY_NOT_SYNTHESIS_VERIFIED,NOT_MEASURED,NOT_MEASURED,NOT_MEASURED,NOT_MEASURED,NOT_MEASURED,NOT_MEASURED,NOT_MEASURED,NOT_MEASURED,NOT_MEASURED,NOT_ASSESSED,UNAVAILABLE,3 species proxies; 0/20 matched strains; 0/8 MDR-specific oracles,True,0.46153846153846156
DIMA-050,dima,50,MKIFFLHWLGGHLKTCIERFLIQ,23,True,True,True,0.5581395348837209,True,0.5789473652839661,False,2,0.5826086956521739,0.2406,0.2999,0.6291,38.594,0.9283854166666666,0.875,0.955078125,0.875,0.5716145833333333,0.841015625,0.7763097426470589,0.43137254901960786,DESIGN_SPEC_ONLY_NOT_SYNTHESIS_VERIFIED,NOT_MEASURED,NOT_MEASURED,NOT_MEASURED,NOT_MEASURED,NOT_MEASURED,NOT_MEASURED,NOT_MEASURED,NOT_MEASURED,NOT_MEASURED,NOT_ASSESSED,UNAVAILABLE,3 species proxies; 0/20 matched strains; 0/8 MDR-specific oracles,True,0.4727272727272728
DIMA-051,dima,51,MEKQIIGVKTVTTGVVVDESVLVRK,25,True,True,True,0.5333333333333333,True,0.6000000238418579,False,1,0.4079999999999999,0.0984,0.653,0.6683,57.158,0.91796875,0.86328125,0.9453125,0.86328125,0.638671875,0.845703125,0.7760602678571429,0.4642857142857143,DESIGN_SPEC_ONLY_NOT_SYNTHESIS_VERIFIED,NOT_MEASURED,NOT_MEASURED,NOT_MEASURED,NOT_MEASURED,NOT_MEASURED,NOT_MEASURED,NOT_MEASURED,NOT_MEASURED,NOT_MEASURED,NOT_ASSESSED,UNAVAILABLE,3 species proxies; 0/20 matched strains; 0/8 MDR-specific oracles,True,0.4642857142857143
DIMA-052,dima,52,MTDIVYNFYDMNYFSHITFIQDIFNKVMEQFT,32,True,True,True,0.4545454545454546,True,0.5333333015441895,False,-3,0.021874999999999985,0.5184,0.5411,0.5241,24.81,0.9231770833333334,0.921875,0.923828125,0.91015625,0.5065104166666667,0.837109375,0.7742061491935485,0.4193548387096774,DESIGN_SPEC_ONLY_NOT_SYNTHESIS_VERIFIED,NOT_MEASURED,NOT_MEASURED,NOT_MEASURED,NOT_MEASURED,NOT_MEASURED,NOT_MEASURED,NOT_MEASURED,NOT_MEASURED,NOT_MEASURED,NOT_ASSESSED,UNAVAILABLE,3 species proxies; 0/20 matched strains; 0/8 MDR-specific oracles,True,0.44067796610169496
DIMA-053,dima,53,MKALVSAKDIFKKFVDSNINNQKKKLEYELR,31,True,True,True,0.5357142857142857,True,0.5714285373687744,False,4,-0.7354838709677419,-0.1127,0.5517,0.7423,72.334,0.91015625,0.81640625,0.95703125,0.81640625,0.697265625,0.839453125,0.7727864583333334,0.4444444444444444,DESIGN_SPEC_ONLY_NOT_SYNTHESIS_VERIFIED,NOT_MEASURED,NOT_MEASURED,NOT_MEASURED,NOT_MEASURED,NOT_MEASURED,NOT_MEASURED,NOT_MEASURED,NOT_MEASURED,NOT_MEASURED,NOT_ASSESSED,UNAVAILABLE,3 species proxies; 0/20 matched strains; 0/8 MDR-specific oracles,True,0.4642857142857143
DIMA-054,dima,54,MLGKRRRLLRYLKKKDIERYRALIKLGRK,29,True,True,True,0.5909090909090908,True,0.8666666150093079,False,11,-1.0275862068965516,0.4886,0.4372,0.4847,63.891,0.94140625,0.94140625,0.94140625,0.9296875,0.689453125,0.888671875,0.7717227224576271,0.7796610169491526,DESIGN_SPEC_ONLY_NOT_SYNTHESIS_VERIFIED,NOT_MEASURED,NOT_MEASURED,NOT_MEASURED,NOT_MEASURED,NOT_MEASURED,NOT_MEASURED,NOT_MEASURED,NOT_MEASURED,NOT_MEASURED,NOT_ASSESSED,UNAVAILABLE,3 species proxies; 0/20 matched strains; 0/8 MDR-specific oracles,True,0.7796610169491526
DIMA-055,dima,55,VGKRRRLLVRLLKGKDPKRYRELIKRLK,28,True,True,True,0.5909090909090908,True,0.7333333492279053,False,11,-1.0678571428571426,-0.6423,0.7057,0.0819,36.131,0.9661458333333334,1.0,0.94921875,0.91015625,0.5748697916666667,0.880078125,0.7714574353448276,0.7241379310344828,DESIGN_SPEC_ONLY_NOT_SYNTHESIS_VERIFIED,NOT_MEASURED,NOT_MEASURED,NOT_MEASURED,NOT_MEASURED,NOT_MEASURED,NOT_MEASURED,NOT_MEASURED,NOT_MEASURED,NOT_MEASURED,NOT_ASSESSED,UNAVAILABLE,3 species proxies; 0/20 matched strains; 0/8 MDR-specific oracles,True,0.7241379310344828
DIMA-056,dima,56,LALRILHKTIITSNVTLSSSTNKEKFLYGFLLKNNHC,37,True,True,True,0.49230769230769234,True,0.5230769515037537,False,4,0.0675675675675675,0.2121,0.8368,0.4202,38.647,0.91015625,0.94921875,0.890625,0.83203125,0.5625,0.82890625,0.7706972947761194,0.3880597014925373,DESIGN_SPEC_ONLY_NOT_SYNTHESIS_VERIFIED,NOT_MEASURED,NOT_MEASURED,NOT_MEASURED,NOT_MEASURED,NOT_MEASURED,NOT_MEASURED,NOT_MEASURED,NOT_MEASURED,NOT_MEASURED,NOT_ASSESSED,UNAVAILABLE,3 species proxies; 0/20 matched strains; 0/8 MDR-specific oracles,True,0.4347826086956522
DIMA-057,dima,57,VVGKRRRLLDYLKKKDIERYKKMIKRLGLRK,31,True,True,True,0.5833333333333333,True,0.819672167301178,False,11,-1.090322580645161,0.5237,-0.607,-0.0624,56.39,0.96875,1.0,0.953125,0.90625,0.662109375,0.898046875,0.7701780225409837,0.8524590163934427,DESIGN_SPEC_ONLY_NOT_SYNTHESIS_VERIFIED,NOT_MEASURED,NOT_MEASURED,NOT_MEASURED,NOT_MEASURED,NOT_MEASURED,NOT_MEASURED,NOT_MEASURED,NOT_MEASURED,NOT_MEASURED,NOT_ASSESSED,UNAVAILABLE,3 species proxies; 0/20 matched strains; 0/8 MDR-specific oracles,True,0.8524590163934427
DIMA-058,dima,58,LGLNVLFLGSPLSLIKTSSKWAKVSAEL,28,True,True,True,0.5777777777777777,True,0.5769230723381042,False,2,0.6857142857142858,0.4959,0.7294,0.4342,35.129,0.9205729166666666,0.9453125,0.908203125,0.89453125,0.5501302083333333,0.84375,0.7699795081967213,0.4918032786885246,DESIGN_SPEC_ONLY_NOT_SYNTHESIS_VERIFIED,NOT_MEASURED,NOT_MEASURED,NOT_MEASURED,NOT_MEASURED,NOT_MEASURED,NOT_MEASURED,NOT_MEASURED,NOT_MEASURED,NOT_MEASURED,NOT_ASSESSED,UNAVAILABLE,3 species proxies; 0/20 matched strains; 0/8 MDR-specific oracles,True,0.4918032786885246
DIMA-059,dima,59,MRLNHFQKLFISNSNKVKKYFSGKSKIVTMY,31,True,True,True,0.4918032786885246,True,0.5517241358757019,False,7,-0.4774193548387096,0.745,0.327,0.4159,53.206,0.9127604166666666,0.94921875,0.89453125,0.828125,0.6282552083333333,0.842578125,0.7688076331967213,0.4918032786885246,DESIGN_SPEC_ONLY_NOT_SYNTHESIS_VERIFIED,NOT_MEASURED,NOT_MEASURED,NOT_MEASURED,NOT_MEASURED,NOT_MEASURED,NOT_MEASURED,NOT_MEASURED,NOT_MEASURED,NOT_MEASURED,NOT_ASSESSED,UNAVAILABLE,3 species proxies; 0/20 matched strains; 0/8 MDR-specific oracles,True,0.4918032786885246
DIMA-060,dima,60,VRFNARAIGRMQGFNAKECGINRLIAFKFIAV,32,True,True,True,0.49056603773584906,True,0.5333333015441895,False,5,0.3218749999999999,0.6933,0.7074,0.6659,84.373,0.87109375,0.86328125,0.875,0.83984375,0.708984375,0.831640625,0.7687373991935484,0.4193548387096774,DESIGN_SPEC_ONLY_NOT_SYNTHESIS_VERIFIED,NOT_MEASURED,NOT_MEASURED,NOT_MEASURED,NOT_MEASURED,NOT_MEASURED,NOT_MEASURED,NOT_MEASURED,NOT_MEASURED,NOT_MEASURED,NOT_ASSESSED,UNAVAILABLE,3 species proxies; 0/20 matched strains; 0/8 MDR-specific oracles,True,0.43333333333333335
DIMA-061,dima,61,MELKIVYILFLFTLSIGMTIQTLFKKIKK,29,True,True,True,0.5263157894736843,True,0.6315789222717285,False,4,0.9241379310344829,0.5147,0.5338,0.4903,12.239,0.9329427083333334,0.939453125,0.9296875,0.921875,0.4801432291666667,0.8408203125,0.7670498206967213,0.4918032786885246,DESIGN_SPEC_ONLY_NOT_SYNTHESIS_VERIFIED,NOT_MEASURED,NOT_MEASURED,NOT_MEASURED,NOT_MEASURED,NOT_MEASURED,NOT_MEASURED,NOT_MEASURED,NOT_MEASURED,NOT_MEASURED,NOT_ASSESSED,UNAVAILABLE,3 species proxies; 0/20 matched strains; 0/8 MDR-specific oracles,True,0.4918032786885246
DIMA-062,dima,62,RMVIIPLIIIWLATRWMVKYHGNQCKT,27,True,True,True,0.5,True,0.535714328289032,False,4,0.48518518518518544,0.5223,0.7044,0.538,23.471,0.91015625,0.9140625,0.908203125,0.90625,0.490234375,0.82578125,0.7657812500000001,0.4,DESIGN_SPEC_ONLY_NOT_SYNTHESIS_VERIFIED,NOT_MEASURED,NOT_MEASURED,NOT_MEASURED,NOT_MEASURED,NOT_MEASURED,NOT_MEASURED,NOT_MEASURED,NOT_MEASURED,NOT_MEASURED,NOT_ASSESSED,UNAVAILABLE,3 species proxies; 0/20 matched strains; 0/8 MDR-specific oracles,True,0.47457627118644063
DIMA-063,dima,63,KTFSFKKWIRYQIAKLIGEMIKHFF,25,True,True,True,0.5333333333333333,True,0.5555555820465088,False,5,-0.06399999999999999,0.7291,0.6331,0.204,25.206,0.9205729166666666,1.0,0.880859375,0.83203125,0.5052083333333333,0.827734375,0.7654702240566038,0.41509433962264153,DESIGN_SPEC_ONLY_NOT_SYNTHESIS_VERIFIED,NOT_MEASURED,NOT_MEASURED,NOT_MEASURED,NOT_MEASURED,NOT_MEASURED,NOT_MEASURED,NOT_MEASURED,NOT_MEASURED,NOT_MEASURED,NOT_ASSESSED,UNAVAILABLE,3 species proxies; 0/20 matched strains; 0/8 MDR-specific oracles,True,0.43999999999999995
DIMA-064,dima,64,LGKRKRLLAYLKKKDVDRRRYLELISLIKK,30,True,True,True,0.56,True,0.6666666269302368,False,9,-0.75,0.0022,0.7254,0.417,48.277,0.9388020833333334,0.94921875,0.93359375,0.8984375,0.6276041666666667,0.86953125,0.76453125,0.7,DESIGN_SPEC_ONLY_NOT_SYNTHESIS_VERIFIED,NOT_MEASURED,NOT_MEASURED,NOT_MEASURED,NOT_MEASURED,NOT_MEASURED,NOT_MEASURED,NOT_MEASURED,NOT_MEASURED,NOT_MEASURED,NOT_ASSESSED,UNAVAILABLE,3 species proxies; 0/20 matched strains; 0/8 MDR-specific oracles,True,0.7
DIMA-065,dima,65,MARFTATHNFIDRTNLFCGPWSHASSIYSFRA,32,True,True,True,0.52,True,0.5333333015441895,False,2,-0.134375,0.5162,0.8427,0.3727,45.491,0.9010416666666666,0.95703125,0.873046875,0.82421875,0.5989583333333333,0.830859375,0.7641927083333333,0.4444444444444444,DESIGN_SPEC_ONLY_NOT_SYNTHESIS_VERIFIED,NOT_MEASURED,NOT_MEASURED,NOT_MEASURED,NOT_MEASURED,NOT_MEASURED,NOT_MEASURED,NOT_MEASURED,NOT_MEASURED,NOT_MEASURED,NOT_ASSESSED,UNAVAILABLE,3 species proxies; 0/20 matched strains; 0/8 MDR-specific oracles,True,0.4444444444444444
DIMA-066,dima,66,CSGNFVVFFVRRLKMPILCPLSWVQMDLEK,30,True,True,True,0.48888888888888893,True,0.5600000023841858,False,2,0.56,0.6436,0.6792,0.38,30.566,0.9088541666666666,0.95703125,0.884765625,0.8515625,0.5266927083333333,0.82578125,0.7637122844827586,0.4137931034482759,DESIGN_SPEC_ONLY_NOT_SYNTHESIS_VERIFIED,NOT_MEASURED,NOT_MEASURED,NOT_MEASURED,NOT_MEASURED,NOT_MEASURED,NOT_MEASURED,NOT_MEASURED,NOT_MEASURED,NOT_MEASURED,NOT_ASSESSED,UNAVAILABLE,3 species proxies; 0/20 matched strains; 0/8 MDR-specific oracles,True,0.41509433962264153
DIMA-067,dima,67,YLPMACSFFQGGVAYIRLLIKQIGTKISE,29,True,True,True,0.5,True,0.5306122303009033,False,2,0.5758620689655174,0.5162,0.7849,0.4349,31.266,0.9114583333333334,0.9453125,0.89453125,0.8671875,0.5319010416666667,0.830078125,0.7628367456896552,0.4482758620689655,DESIGN_SPEC_ONLY_NOT_SYNTHESIS_VERIFIED,NOT_MEASURED,NOT_MEASURED,NOT_MEASURED,NOT_MEASURED,NOT_MEASURED,NOT_MEASURED,NOT_MEASURED,NOT_MEASURED,NOT_MEASURED,NOT_ASSESSED,UNAVAILABLE,3 species proxies; 0/20 matched strains; 0/8 MDR-specific oracles,True,0.4482758620689655
DIMA-068,dima,68,VSILLLKREQVRSAHRAGEKVRV,23,True,True,True,0.5454545454545454,True,0.6000000238418579,False,4,-0.22608695652173907,0.8122,0.972,0.5493,178.81,0.82421875,0.9140625,0.779296875,0.7578125,0.875,0.830078125,0.7608473557692308,0.46153846153846156,DESIGN_SPEC_ONLY_NOT_SYNTHESIS_VERIFIED,NOT_MEASURED,NOT_MEASURED,NOT_MEASURED,NOT_MEASURED,NOT_MEASURED,NOT_MEASURED,NOT_MEASURED,NOT_MEASURED,NOT_MEASURED,NOT_ASSESSED,UNAVAILABLE,3 species proxies; 0/20 matched strains; 0/8 MDR-specific oracles,True,0.46153846153846156
DIMA-069,dima,69,KGKVKVVKLKKVKAAMSKAKAKVAKELK,28,True,True,True,0.6909090909090909,True,0.6415094137191772,False,11,-0.4285714285714285,-0.2345,0.2693,0.8829,135.526,0.8971354166666666,0.7421875,0.974609375,0.7421875,0.8294270833333333,0.837109375,0.7608381885593221,0.5084745762711864,DESIGN_SPEC_ONLY_NOT_SYNTHESIS_VERIFIED,NOT_MEASURED,NOT_MEASURED,NOT_MEASURED,NOT_MEASURED,NOT_MEASURED,NOT_MEASURED,NOT_MEASURED,NOT_MEASURED,NOT_MEASURED,NOT_ASSESSED,UNAVAILABLE,3 species proxies; 0/20 matched strains; 0/8 MDR-specific oracles,True,0.5098039215686274
DIMA-070,dima,70,MRGQILHGLPQWVARLIKLWLRKIADWCTIVQ,32,True,True,True,0.509090909090909,True,0.5555555820465088,False,4,0.28437499999999993,0.5618,0.695,0.5066,19.961,0.9088541666666666,0.9296875,0.8984375,0.88671875,0.4856770833333333,0.821875,0.7599702380952381,0.4126984126984127,DESIGN_SPEC_ONLY_NOT_SYNTHESIS_VERIFIED,NOT_MEASURED,NOT_MEASURED,NOT_MEASURED,NOT_MEASURED,NOT_MEASURED,NOT_MEASURED,NOT_MEASURED,NOT_MEASURED,NOT_MEASURED,NOT_ASSESSED,UNAVAILABLE,3 species proxies; 0/20 matched strains; 0/8 MDR-specific oracles,True,0.4285714285714286
DIMA-071,dima,71,DLARQFGLCIYAAKKTIDMYAAYITSLKKLFG,32,True,True,True,0.5454545454545454,True,0.5614035129547119,False,3,0.31875,0.8103,-0.2496,0.4144,35.249,0.91796875,0.94921875,0.90234375,0.8046875,0.548828125,0.824609375,0.7593919836956522,0.4347826086956522,DESIGN_SPEC_ONLY_NOT_SYNTHESIS_VERIFIED,NOT_MEASURED,NOT_MEASURED,NOT_MEASURED,NOT_MEASURED,NOT_MEASURED,NOT_MEASURED,NOT_MEASURED,NOT_MEASURED,NOT_MEASURED,NOT_ASSESSED,UNAVAILABLE,3 species proxies; 0/20 matched strains; 0/8 MDR-specific oracles,True,0.49122807017543857
DIMA-072,dima,72,MQITHYCFHHFNLVTPMRSPTMRALR,26,True,True,True,0.5217391304347826,True,0.5490196347236633,False,3,-0.21538461538461545,0.8036,0.82,0.5605,84.527,0.8502604166666666,0.90234375,0.82421875,0.8046875,0.6985677083333333,0.816015625,0.7591190732758621,0.3793103448275862,DESIGN_SPEC_ONLY_NOT_SYNTHESIS_VERIFIED,NOT_MEASURED,NOT_MEASURED,NOT_MEASURED,NOT_MEASURED,NOT_MEASURED,NOT_MEASURED,NOT_MEASURED,NOT_MEASURED,NOT_MEASURED,NOT_ASSESSED,UNAVAILABLE,3 species proxies; 0/20 matched strains; 0/8 MDR-specific oracles,True,0.4137931034482759
DIMA-073,dima,73,PNFLFHEYWLHRWLVNVSGT,20,True,True,True,0.55,True,0.5714285373687744,False,0,-0.13000000000000003,-0.1326,0.7156,0.7221,49.549,0.9010416666666666,0.8203125,0.94140625,0.8203125,0.6106770833333333,0.81875,0.75875,0.4,DESIGN_SPEC_ONLY_NOT_SYNTHESIS_VERIFIED,NOT_MEASURED,NOT_MEASURED,NOT_MEASURED,NOT_MEASURED,NOT_MEASURED,NOT_MEASURED,NOT_MEASURED,NOT_MEASURED,NOT_MEASURED,NOT_ASSESSED,UNAVAILABLE,3 species proxies; 0/20 matched strains; 0/8 MDR-specific oracles,True,0.4
DIMA-074,dima,74,VVGQLRRRLGYLKKKDIQRYKELIKKLSIRK,31,True,True,True,0.5777777777777777,True,0.7419354915618896,False,10,-0.8741935483870966,0.5162,-0.3811,0.6561,76.399,0.9283854166666666,0.86328125,0.9609375,0.86328125,0.7180989583333333,0.866796875,0.7586001536885246,0.7213114754098361,DESIGN_SPEC_ONLY_NOT_SYNTHESIS_VERIFIED,NOT_MEASURED,NOT_MEASURED,NOT_MEASURED,NOT_MEASURED,NOT_MEASURED,NOT_MEASURED,NOT_MEASURED,NOT_MEASURED,NOT_MEASURED,NOT_ASSESSED,UNAVAILABLE,3 species proxies; 0/20 matched strains; 0/8 MDR-specific oracles,True,0.7213114754098361
DIMA-075,dima,75,MFSKGLFLGKGLFRFKTCRAMTTHKLPWTIRV,32,True,True,True,0.5,True,0.5483871102333069,False,7,0.11249999999999989,0.6433,0.2677,0.3941,26.554,0.9231770833333334,0.953125,0.908203125,0.8515625,0.5104166666666667,0.829296875,0.7583877840909091,0.4727272727272728,DESIGN_SPEC_ONLY_NOT_SYNTHESIS_VERIFIED,NOT_MEASURED,NOT_MEASURED,NOT_MEASURED,NOT_MEASURED,NOT_MEASURED,NOT_MEASURED,NOT_MEASURED,NOT_MEASURED,NOT_MEASURED,NOT_ASSESSED,UNAVAILABLE,3 species proxies; 0/20 matched strains; 0/8 MDR-specific oracles,True,0.4727272727272728
DIMA-076,dima,76,MTLWYTYELLVRLTPYPEECLQTVVGCASR,30,True,True,True,0.4814814814814815,True,0.5573770403862,False,-1,0.17666666666666658,0.6385,0.6462,0.5562,37.051,0.89453125,0.90625,0.888671875,0.8515625,0.548828125,0.81796875,0.7579687500000001,0.4,DESIGN_SPEC_ONLY_NOT_SYNTHESIS_VERIFIED,NOT_MEASURED,NOT_MEASURED,NOT_MEASURED,NOT_MEASURED,NOT_MEASURED,NOT_MEASURED,NOT_MEASURED,NOT_MEASURED,NOT_MEASURED,NOT_ASSESSED,UNAVAILABLE,3 species proxies; 0/20 matched strains; 0/8 MDR-specific oracles,True,0.4
DIMA-077,dima,77,RYALSCFHLPKLLVRLYLFA,20,True,True,True,0.5806451612903225,True,0.5806452035903931,False,3,0.8800000000000001,0.5262,0.546,0.5569,25.807,0.9140625,0.90234375,0.919921875,0.90234375,0.501953125,0.828125,0.7575367647058824,0.47058823529411764,DESIGN_SPEC_ONLY_NOT_SYNTHESIS_VERIFIED,NOT_MEASURED,NOT_MEASURED,NOT_MEASURED,NOT_MEASURED,NOT_MEASURED,NOT_MEASURED,NOT_MEASURED,NOT_MEASURED,NOT_MEASURED,NOT_ASSESSED,UNAVAILABLE,3 species proxies; 0/20 matched strains; 0/8 MDR-specific oracles,True,0.4864864864864865
DIMA-078,dima,78,MEFQIADCCSDFNDNPCPHFCKDFMFHKCPEMELMCHGMI,40,True,True,True,0.41666666666666663,True,0.4776119291782379,False,-5,-0.13249999999999992,0.7132,0.5577,0.5874,36.091,0.88671875,0.88671875,0.88671875,0.83984375,0.53515625,0.80703125,0.7556026785714286,0.34285714285714286,DESIGN_SPEC_ONLY_NOT_SYNTHESIS_VERIFIED,NOT_MEASURED,NOT_MEASURED,NOT_MEASURED,NOT_MEASURED,NOT_MEASURED,NOT_MEASURED,NOT_MEASURED,NOT_MEASURED,NOT_MEASURED,NOT_ASSESSED,UNAVAILABLE,3 species proxies; 0/20 matched strains; 0/8 MDR-specific oracles,True,0.3846153846153846
DIMA-079,dima,79,SLGRRPEIKYFFKNPLCVYPIGLKVYKNFL,30,True,True,True,0.5,True,0.5423728823661804,False,5,-0.06333333333333334,0.3922,0.5918,0.6814,33.974,0.9088541666666666,0.859375,0.93359375,0.859375,0.5403645833333333,0.8203125,0.7553125,0.43333333333333335,DESIGN_SPEC_ONLY_NOT_SYNTHESIS_VERIFIED,NOT_MEASURED,NOT_MEASURED,NOT_MEASURED,NOT_MEASURED,NOT_MEASURED,NOT_MEASURED,NOT_MEASURED,NOT_MEASURED,NOT_MEASURED,NOT_ASSESSED,UNAVAILABLE,3 species proxies; 0/20 matched strains; 0/8 MDR-specific oracles,True,0.4347826086956522
DIMA-080,dima,80,VPIKVGLSYRAWRIGLN,17,True,True,True,0.6,True,0.6451612710952759,False,3,0.29411764705882343,0.9672,0.0945,0.5681,80.314,0.875,0.8984375,0.86328125,0.74609375,0.701171875,0.816796875,0.7552584134615384,0.41025641025641024,DESIGN_SPEC_ONLY_NOT_SYNTHESIS_VERIFIED,NOT_MEASURED,NOT_MEASURED,NOT_MEASURED,NOT_MEASURED,NOT_MEASURED,NOT_MEASURED,NOT_MEASURED,NOT_MEASURED,NOT_MEASURED,NOT_ASSESSED,UNAVAILABLE,3 species proxies; 0/20 matched strains; 0/8 MDR-specific oracles,True,0.46153846153846156
DIMA-081,dima,81,ALPLLVKGVVKLWKVFRSLKG,21,True,True,True,0.5882352941176471,True,0.6122449040412903,False,5,0.7714285714285714,0.704,0.2662,0.603,49.835,0.8958333333333334,0.8828125,0.90234375,0.83984375,0.6080729166666667,0.82578125,0.7551930147058824,0.47058823529411764,DESIGN_SPEC_ONLY_NOT_SYNTHESIS_VERIFIED,NOT_MEASURED,NOT_MEASURED,NOT_MEASURED,NOT_MEASURED,NOT_MEASURED,NOT_MEASURED,NOT_MEASURED,NOT_MEASURED,NOT_MEASURED,NOT_ASSESSED,UNAVAILABLE,3 species proxies; 0/20 matched strains; 0/8 MDR-specific oracles,True,0.48
DIMA-082,dima,82,MFFFLKFNSEVERLPSVRKQQVFIKLKFK,29,True,True,True,0.5652173913043479,True,0.5666666626930237,False,5,-0.0689655172413795,0.4837,0.6675,0.6319,35.711,0.9088541666666666,0.875,0.92578125,0.875,0.5442708333333333,0.82578125,0.7545948093220339,0.47457627118644063,DESIGN_SPEC_ONLY_NOT_SYNTHESIS_VERIFIED,NOT_MEASURED,NOT_MEASURED,NOT_MEASURED,NOT_MEASURED,NOT_MEASURED,NOT_MEASURED,NOT_MEASURED,NOT_MEASURED,NOT_MEASURED,NOT_ASSESSED,UNAVAILABLE,3 species proxies; 0/20 matched strains; 0/8 MDR-specific oracles,True,0.47457627118644063
DIMA-083,dima,83,MLFKIWYALFGFVISTVGGYLLGWFLMKKS,30,True,True,True,0.5306122448979591,True,0.615384578704834,False,3,1.1066666666666667,0.6006,0.7005,0.3418,13.44,0.91796875,0.96875,0.892578125,0.875,0.47265625,0.825390625,0.754204184322034,0.47457627118644063,DESIGN_SPEC_ONLY_NOT_SYNTHESIS_VERIFIED,NOT_MEASURED,NOT_MEASURED,NOT_MEASURED,NOT_MEASURED,NOT_MEASURED,NOT_MEASURED,NOT_MEASURED,NOT_MEASURED,NOT_MEASURED,NOT_ASSESSED,UNAVAILABLE,3 species proxies; 0/20 matched strains; 0/8 MDR-specific oracles,True,0.47457627118644063
DIMA-084,dima,84,AKIFYRLARKNKNFFLANLIKKLLFIMLWLT,31,True,True,True,0.5652173913043479,True,0.5517241358757019,False,7,0.5387096774193548,0.7361,0.5044,0.2993,10.31,0.921875,0.984375,0.890625,0.83203125,0.466796875,0.819140625,0.7530389300847458,0.44067796610169496,DESIGN_SPEC_ONLY_NOT_SYNTHESIS_VERIFIED,NOT_MEASURED,NOT_MEASURED,NOT_MEASURED,NOT_MEASURED,NOT_MEASURED,NOT_MEASURED,NOT_MEASURED,NOT_MEASURED,NOT_MEASURED,NOT_ASSESSED,UNAVAILABLE,3 species proxies; 0/20 matched strains; 0/8 MDR-specific oracles,True,0.4482758620689655
DIMA-085,dima,85,MKYNRKIRKRKAAKKRRKRRRKRKGKS,27,True,True,True,0.6153846153846154,True,0.6538461446762085,False,19,-2.7962962962962967,0.9358,0.6642,0.7893,206.471,0.828125,0.80078125,0.841796875,0.76171875,0.89453125,0.825390625,0.7517064144736842,0.49122807017543857,DESIGN_SPEC_ONLY_NOT_SYNTHESIS_VERIFIED,NOT_MEASURED,NOT_MEASURED,NOT_MEASURED,NOT_MEASURED,NOT_MEASURED,NOT_MEASURED,NOT_MEASURED,NOT_MEASURED,NOT_MEASURED,NOT_ASSESSED,UNAVAILABLE,3 species proxies; 0/20 matched strains; 0/8 MDR-specific oracles,True,0.49122807017543857
DIMA-086,dima,86,AILLSIRNYLTKQMLTDTGNMTIFGWNSGMK,31,True,True,True,0.5098039215686274,True,0.5416666865348816,False,2,0.04516129032258059,0.7409,0.7037,0.4518,33.597,0.8958333333333334,0.9453125,0.87109375,0.83203125,0.5319010416666667,0.815234375,0.7512999487704918,0.42622950819672134,DESIGN_SPEC_ONLY_NOT_SYNTHESIS_VERIFIED,NOT_MEASURED,NOT_MEASURED,NOT_MEASURED,NOT_MEASURED,NOT_MEASURED,NOT_MEASURED,NOT_MEASURED,NOT_MEASURED,NOT_MEASURED,NOT_ASSESSED,UNAVAILABLE,3 species proxies; 0/20 matched strains; 0/8 MDR-specific oracles,True,0.42622950819672134
DIMA-087,dima,87,AHTYWDYAKALMKHGKIYAKGKKAQ,25,True,True,True,0.55,True,0.5818182229995728,False,5,-0.956,0.9685,0.7416,0.5284,129.805,0.8489583333333334,0.91796875,0.814453125,0.74609375,0.7955729166666667,0.824609375,0.7509251644736842,0.49122807017543857,DESIGN_SPEC_ONLY_NOT_SYNTHESIS_VERIFIED,NOT_MEASURED,NOT_MEASURED,NOT_MEASURED,NOT_MEASURED,NOT_MEASURED,NOT_MEASURED,NOT_MEASURED,NOT_MEASURED,NOT_MEASURED,NOT_ASSESSED,UNAVAILABLE,3 species proxies; 0/20 matched strains; 0/8 MDR-specific oracles,True,0.49122807017543857
DIMA-088,dima,88,TLFIYAGSVATTLMVQCVIRAEIKSQR,27,True,True,True,0.5384615384615384,True,0.5925925970077515,False,2,0.6481481481481481,0.7441,0.7075,0.4949,37.854,0.890625,0.93359375,0.869140625,0.828125,0.55078125,0.814453125,0.749453125,0.43333333333333335,DESIGN_SPEC_ONLY_NOT_SYNTHESIS_VERIFIED,NOT_MEASURED,NOT_MEASURED,NOT_MEASURED,NOT_MEASURED,NOT_MEASURED,NOT_MEASURED,NOT_MEASURED,NOT_MEASURED,NOT_MEASURED,NOT_ASSESSED,UNAVAILABLE,3 species proxies; 0/20 matched strains; 0/8 MDR-specific oracles,True,0.4727272727272728
DIMA-089,dima,89,MDLRTLLLPKLVHKSGGPYAQAQTTFF,27,True,True,True,0.5769230769230769,True,0.5762711763381958,False,2,0.003703703703703625,0.5162,0.8221,0.6421,44.434,0.87890625,0.875,0.880859375,0.83984375,0.580078125,0.8109375,0.7488685344827586,0.4137931034482759,DESIGN_SPEC_ONLY_NOT_SYNTHESIS_VERIFIED,NOT_MEASURED,NOT_MEASURED,NOT_MEASURED,NOT_MEASURED,NOT_MEASURED,NOT_MEASURED,NOT_MEASURED,NOT_MEASURED,NOT_MEASURED,NOT_ASSESSED,UNAVAILABLE,3 species proxies; 0/20 matched strains; 0/8 MDR-specific oracles,True,0.4137931034482759
DIMA-090,dima,90,IIVITGGGAKEAKKMIKIAKEAFKKAKI,28,True,True,True,0.5882352941176471,True,0.5777778029441833,False,6,0.17142857142857146,-0.8705,-1.105,0.7406,26.196,0.9388020833333334,0.81640625,1.0,0.81640625,0.5162760416666667,0.817578125,0.7483473557692308,0.46153846153846156,DESIGN_SPEC_ONLY_NOT_SYNTHESIS_VERIFIED,NOT_MEASURED,NOT_MEASURED,NOT_MEASURED,NOT_MEASURED,NOT_MEASURED,NOT_MEASURED,NOT_MEASURED,NOT_MEASURED,NOT_MEASURED,NOT_ASSESSED,UNAVAILABLE,3 species proxies; 0/20 matched strains; 0/8 MDR-specific oracles,True,0.4642857142857143
DIMA-091,dima,91,FFVFGLIVYRIVDLISRTRNEFLEMQGVRR,30,True,True,True,0.5098039215686274,True,0.5818182229995728,False,2,0.3733333333333333,0.5162,0.1364,0.7038,29.225,0.9153645833333334,0.84765625,0.94921875,0.84765625,0.5240885416666667,0.816796875,0.7475661057692308,0.46153846153846156,DESIGN_SPEC_ONLY_NOT_SYNTHESIS_VERIFIED,NOT_MEASURED,NOT_MEASURED,NOT_MEASURED,NOT_MEASURED,NOT_MEASURED,NOT_MEASURED,NOT_MEASURED,NOT_MEASURED,NOT_MEASURED,NOT_ASSESSED,UNAVAILABLE,3 species proxies; 0/20 matched strains; 0/8 MDR-specific oracles,True,0.46153846153846156
DIMA-092,dima,92,MIIILSDFAIKTIRQIIICITDKIDDFIDSMF,32,True,True,True,0.5,True,0.5573770403862,False,-2,1.0468750000000002,-1.3155,0.8213,0.5517,10.281,0.9166666666666666,0.91015625,0.919921875,0.83984375,0.4641927083333333,0.81015625,0.7469983552631579,0.42105263157894735,DESIGN_SPEC_ONLY_NOT_SYNTHESIS_VERIFIED,NOT_MEASURED,NOT_MEASURED,NOT_MEASURED,NOT_MEASURED,NOT_MEASURED,NOT_MEASURED,NOT_MEASURED,NOT_MEASURED,NOT_MEASURED,NOT_ASSESSED,UNAVAILABLE,3 species proxies; 0/20 matched strains; 0/8 MDR-specific oracles,True,0.4285714285714286
DIMA-093,dima,93,MKYFIDKEPKHLKDKIDKMLKNHRKGYNTE,30,True,True,True,0.5084745762711864,True,0.5660377740859985,False,4,-1.6233333333333333,0.9203,0.6893,0.4914,66.757,0.87109375,0.9375,0.837890625,0.765625,0.66015625,0.814453125,0.7460320723684211,0.45614035087719296,DESIGN_SPEC_ONLY_NOT_SYNTHESIS_VERIFIED,NOT_MEASURED,NOT_MEASURED,NOT_MEASURED,NOT_MEASURED,NOT_MEASURED,NOT_MEASURED,NOT_MEASURED,NOT_MEASURED,NOT_MEASURED,NOT_ASSESSED,UNAVAILABLE,3 species proxies; 0/20 matched strains; 0/8 MDR-specific oracles,True,0.4666666666666667
DIMA-094,dima,94,MHAYLDTLKTILQQFVKPRPEYIGRIRTLQ,30,True,True,True,0.49056603773584906,True,0.5614035129547119,False,3,-0.3633333333333334,0.7995,0.7871,0.3924,45.295,0.875,0.953125,0.8359375,0.8046875,0.5859375,0.8109375,0.7459374999999999,0.43333333333333335,DESIGN_SPEC_ONLY_NOT_SYNTHESIS_VERIFIED,NOT_MEASURED,NOT_MEASURED,NOT_MEASURED,NOT_MEASURED,NOT_MEASURED,NOT_MEASURED,NOT_MEASURED,NOT_MEASURED,NOT_MEASURED,NOT_ASSESSED,UNAVAILABLE,3 species proxies; 0/20 matched strains; 0/8 MDR-specific oracles,True,0.4590163934426229
DIMA-095,dima,95,MFIFYDTIKVYPDTMDLYTYEASSQKINLKYA,32,True,True,True,0.5333333333333333,True,0.535714328289032,False,-1,-0.19374999999999998,0.7464,0.2721,0.6957,48.97,0.8815104166666666,0.8515625,0.896484375,0.828125,0.5989583333333333,0.811328125,0.7457031249999999,0.4375,DESIGN_SPEC_ONLY_NOT_SYNTHESIS_VERIFIED,NOT_MEASURED,NOT_MEASURED,NOT_MEASURED,NOT_MEASURED,NOT_MEASURED,NOT_MEASURED,NOT_MEASURED,NOT_MEASURED,NOT_MEASURED,NOT_ASSESSED,UNAVAILABLE,3 species proxies; 0/20 matched strains; 0/8 MDR-specific oracles,True,0.4375
DIMA-096,dima,96,MVYGIVYFVFCLALGLSFSVLSYFMGYVSHLR,32,True,True,True,0.5283018867924528,True,0.5818182229995728,False,1,1.4531250000000002,-0.1563,0.778,0.5986,20.339,0.9114583333333334,0.8828125,0.92578125,0.87109375,0.4889322916666667,0.816015625,0.7445870535714286,0.47619047619047616,DESIGN_SPEC_ONLY_NOT_SYNTHESIS_VERIFIED,NOT_MEASURED,NOT_MEASURED,NOT_MEASURED,NOT_MEASURED,NOT_MEASURED,NOT_MEASURED,NOT_MEASURED,NOT_MEASURED,NOT_MEASURED,NOT_ASSESSED,UNAVAILABLE,3 species proxies; 0/20 matched strains; 0/8 MDR-specific oracles,True,0.5423728813559322
DIMA-097,dima,97,MKYRKINAKGKVWFKTFGLLKKRACQYERNPL,32,True,True,True,0.52,True,0.5666666626930237,False,9,-0.8656250000000001,1.0965,0.3638,0.2116,67.606,0.8828125,1.0,0.82421875,0.69140625,0.669921875,0.813671875,0.7436718750000001,0.4666666666666667,DESIGN_SPEC_ONLY_NOT_SYNTHESIS_VERIFIED,NOT_MEASURED,NOT_MEASURED,NOT_MEASURED,NOT_MEASURED,NOT_MEASURED,NOT_MEASURED,NOT_MEASURED,NOT_MEASURED,NOT_MEASURED,NOT_ASSESSED,UNAVAILABLE,3 species proxies; 0/20 matched strains; 0/8 MDR-specific oracles,True,0.4666666666666667
DIMA-098,dima,98,VIKVKVKVVRVTVVKVAKVAVTA,23,True,True,True,0.6666666666666667,True,0.7307692170143127,False,6,1.3347826086956522,1.1212,0.7213,0.4643,148.957,0.8424479166666666,0.9453125,0.791015625,0.6796875,0.8411458333333333,0.819921875,0.743451286764706,0.5098039215686274,DESIGN_SPEC_ONLY_NOT_SYNTHESIS_VERIFIED,NOT_MEASURED,NOT_MEASURED,NOT_MEASURED,NOT_MEASURED,NOT_MEASURED,NOT_MEASURED,NOT_MEASURED,NOT_MEASURED,NOT_MEASURED,NOT_ASSESSED,UNAVAILABLE,3 species proxies; 0/20 matched strains; 0/8 MDR-specific oracles,True,0.5098039215686274
DIMA-099,dima,99,THHYLTVMVTGVEKVDVSVTDEDSVEE,27,True,True,True,0.5106382978723405,True,0.5454545617103577,False,-6,-0.21481481481481476,-0.2669,0.7977,0.8377,75.109,0.8736979166666666,0.7734375,0.923828125,0.7734375,0.6868489583333333,0.80625,0.7427884615384616,0.42307692307692313,DESIGN_SPEC_ONLY_NOT_SYNTHESIS_VERIFIED,NOT_MEASURED,NOT_MEASURED,NOT_MEASURED,NOT_MEASURED,NOT_MEASURED,NOT_MEASURED,NOT_MEASURED,NOT_MEASURED,NOT_MEASURED,NOT_ASSESSED,UNAVAILABLE,3 species proxies; 0/20 matched strains; 0/8 MDR-specific oracles,True,0.42307692307692313
DIMA-100,dima,100,KRIVRQYIRWLKKFR,15,True,True,True,0.7407407407407407,True,0.7142857313156128,False,7,-1.04,0.8013,0.868,0.5995,97.737,0.8346354166666666,0.8828125,0.810546875,0.8046875,0.7239583333333333,0.811328125,0.7427566964285713,0.4571428571428572,DESIGN_SPEC_ONLY_NOT_SYNTHESIS_VERIFIED,NOT_MEASURED,NOT_MEASURED,NOT_MEASURED,NOT_MEASURED,NOT_MEASURED,NOT_MEASURED,NOT_MEASURED,NOT_MEASURED,NOT_MEASURED,NOT_ASSESSED,UNAVAILABLE,3 species proxies; 0/20 matched strains; 0/8 MDR-specific oracles,True,0.5833333333333333
